Tx Time (sec), Rx Time (sec), Pulse Width (sec), Amplitude (V), Carrier Frequency (Hz), Leading Edge Phase (rad), SNR (dB), PRI (sec), Emitter ID, Antenna ID, General Mode, Exact Mode, Index, Received Azimuth (deg), Received Elevation (deg), Tx North (km), Tx East (km), Tx Down (km), Rx North (km), Rx East (km), Rx Down (km), Modulation Type, Chirp Bandwidth (Hz), Chirp Direction, Chip Count
0.0000000000, 0.0003669205, 0.0000900000, 0.0000582896, 8260000000.0000000000, -2.3183094543, 26.3015216609, 0.0030000000, angry_wolf_sas, Tx-angry_wolf_sas, Search, Staggered, 0, 0.0000000000, -0.0000000000, 110.0000000000, 0.0000000000, 0.0000000000, 0.0000000000, 0.0000000000, 0.0000000000, UNMODULATED, 0, 0, 0 
0.0030000000, 0.0033669205, 0.0000670000, 0.0000582896, 8260000000.0000000000, -2.3183094447, 26.3015216609, 0.0050000000, angry_wolf_sas, Tx-angry_wolf_sas, Search, Staggered, 0, 0.0000000000, -0.0000000000, 110.0000000000, 0.0000000000, 0.0000000000, 0.0000000000, 0.0000000000, 0.0000000000, UNMODULATED, 0, 0, 0 
0.0080000000, 0.0083669205, 0.0000800000, 0.0000582896, 8260000000.0000000000, -2.3183094062, 26.3015216609, 0.0017500000, angry_wolf_sas, Tx-angry_wolf_sas, Search, Staggered, 0, 0.0000000000, -0.0000000000, 110.0000000000, 0.0000000000, 0.0000000000, 0.0000000000, 0.0000000000, 0.0000000000, UNMODULATED, 0, 0, 0 
0.0097500000, 0.0101169205, 0.0000900000, 0.0000582896, 8260000000.0000000000, -2.3183093893, 26.3015216609, 0.0030000000, angry_wolf_sas, Tx-angry_wolf_sas, Search, Staggered, 0, 0.0000000000, -0.0000000000, 110.0000000000, 0.0000000000, 0.0000000000, 0.0000000000, 0.0000000000, 0.0000000000, UNMODULATED, 0, 0, 0 
0.0127500000, 0.0131169205, 0.0000670000, 0.0000582896, 8260000000.0000000000, -2.3183093311, 26.3015216609, 0.0050000000, angry_wolf_sas, Tx-angry_wolf_sas, Search, Staggered, 0, 0.0000000000, -0.0000000000, 110.0000000000, 0.0000000000, 0.0000000000, 0.0000000000, 0.0000000000, 0.0000000000, UNMODULATED, 0, 0, 0 
0.0177500000, 0.0181169205, 0.0000800000, 0.0000582896, 8260000000.0000000000, -2.3183093565, 26.3015216609, 0.0017500000, angry_wolf_sas, Tx-angry_wolf_sas, Search, Staggered, 0, 0.0000000000, -0.0000000000, 110.0000000000, 0.0000000000, 0.0000000000, 0.0000000000, 0.0000000000, 0.0000000000, UNMODULATED, 0, 0, 0 
0.0195000000, 0.0198669205, 0.0000900000, 0.0000582896, 8260000000.0000000000, -2.3183094297, 26.3015216609, 0.0030000000, angry_wolf_sas, Tx-angry_wolf_sas, Search, Staggered, 0, 0.0000000000, -0.0000000000, 110.0000000000, 0.0000000000, 0.0000000000, 0.0000000000, 0.0000000000, 0.0000000000, UNMODULATED, 0, 0, 0 
0.0225000000, 0.0228669205, 0.0000670000, 0.0000582896, 8260000000.0000000000, -2.3183093751, 26.3015216609, 0.0050000000, angry_wolf_sas, Tx-angry_wolf_sas, Search, Staggered, 0, 0.0000000000, -0.0000000000, 110.0000000000, 0.0000000000, 0.0000000000, 0.0000000000, 0.0000000000, 0.0000000000, UNMODULATED, 0, 0, 0 
0.0275000000, 0.0278669205, 0.0000800000, 0.0000582896, 8260000000.0000000000, -2.3183094041, 26.3015216609, 0.0017500000, angry_wolf_sas, Tx-angry_wolf_sas, Search, Staggered, 0, 0.0000000000, -0.0000000000, 110.0000000000, 0.0000000000, 0.0000000000, 0.0000000000, 0.0000000000, 0.0000000000, UNMODULATED, 0, 0, 0 
0.0292500000, 0.0296169205, 0.0000900000, 0.0000582896, 8260000000.0000000000, -2.3183094773, 26.3015216609, 0.0030000000, angry_wolf_sas, Tx-angry_wolf_sas, Search, Staggered, 0, 0.0000000000, -0.0000000000, 110.0000000000, 0.0000000000, 0.0000000000, 0.0000000000, 0.0000000000, 0.0000000000, UNMODULATED, 0, 0, 0 
0.0322500000, 0.0326169205, 0.0000670000, 0.0000582896, 8260000000.0000000000, -2.3183094155, 26.3015216609, 0.0050000000, angry_wolf_sas, Tx-angry_wolf_sas, Search, Staggered, 0, 0.0000000000, -0.0000000000, 110.0000000000, 0.0000000000, 0.0000000000, 0.0000000000, 0.0000000000, 0.0000000000, UNMODULATED, 0, 0, 0 
0.0372500000, 0.0376169205, 0.0000800000, 0.0000582896, 8260000000.0000000000, -2.3183092645, 26.3015216609, 0.0017500000, angry_wolf_sas, Tx-angry_wolf_sas, Search, Staggered, 0, 0.0000000000, -0.0000000000, 110.0000000000, 0.0000000000, 0.0000000000, 0.0000000000, 0.0000000000, 0.0000000000, UNMODULATED, 0, 0, 0 
0.0390000000, 0.0393669205, 0.0000900000, 0.0000582896, 8260000000.0000000000, -2.3183093520, 26.3015216609, 0.0030000000, angry_wolf_sas, Tx-angry_wolf_sas, Search, Staggered, 0, 0.0000000000, -0.0000000000, 110.0000000000, 0.0000000000, 0.0000000000, 0.0000000000, 0.0000000000, 0.0000000000, UNMODULATED, 0, 0, 0 
0.0420000000, 0.0423669205, 0.0000670000, 0.0000582896, 8260000000.0000000000, -2.3183094775, 26.3015216609, 0.0050000000, angry_wolf_sas, Tx-angry_wolf_sas, Search, Staggered, 0, 0.0000000000, -0.0000000000, 110.0000000000, 0.0000000000, 0.0000000000, 0.0000000000, 0.0000000000, 0.0000000000, UNMODULATED, 0, 0, 0 
0.0470000000, 0.0473669205, 0.0000800000, 0.0000582896, 8260000000.0000000000, -2.3183093264, 26.3015216609, 0.0017500000, angry_wolf_sas, Tx-angry_wolf_sas, Search, Staggered, 0, 0.0000000000, -0.0000000000, 110.0000000000, 0.0000000000, 0.0000000000, 0.0000000000, 0.0000000000, 0.0000000000, UNMODULATED, 0, 0, 0 
0.0487500000, 0.0491169205, 0.0000900000, 0.0000582896, 8260000000.0000000000, -2.3183093852, 26.3015216609, 0.0030000000, angry_wolf_sas, Tx-angry_wolf_sas, Search, Staggered, 0, 0.0000000000, -0.0000000000, 110.0000000000, 0.0000000000, 0.0000000000, 0.0000000000, 0.0000000000, 0.0000000000, UNMODULATED, 0, 0, 0 
0.0517500000, 0.0521169205, 0.0000670000, 0.0000582896, 8260000000.0000000000, -2.3183091362, 26.3015216609, 0.0050000000, angry_wolf_sas, Tx-angry_wolf_sas, Search, Staggered, 0, 0.0000000000, -0.0000000000, 110.0000000000, 0.0000000000, 0.0000000000, 0.0000000000, 0.0000000000, 0.0000000000, UNMODULATED, 0, 0, 0 
0.0567500000, 0.0571169205, 0.0000800000, 0.0000582896, 8260000000.0000000000, -2.3183093596, 26.3015216609, 0.0017500000, angry_wolf_sas, Tx-angry_wolf_sas, Search, Staggered, 0, 0.0000000000, -0.0000000000, 110.0000000000, 0.0000000000, 0.0000000000, 0.0000000000, 0.0000000000, 0.0000000000, UNMODULATED, 0, 0, 0 
0.0585000000, 0.0588669205, 0.0000900000, 0.0000582896, 8260000000.0000000000, -2.3183094328, 26.3015216609, 0.0030000000, angry_wolf_sas, Tx-angry_wolf_sas, Search, Staggered, 0, 0.0000000000, -0.0000000000, 110.0000000000, 0.0000000000, 0.0000000000, 0.0000000000, 0.0000000000, 0.0000000000, UNMODULATED, 0, 0, 0 
0.0615000000, 0.0618669205, 0.0000670000, 0.0000582896, 8260000000.0000000000, -2.3183091838, 26.3015216609, 0.0050000000, angry_wolf_sas, Tx-angry_wolf_sas, Search, Staggered, 0, 0.0000000000, -0.0000000000, 110.0000000000, 0.0000000000, 0.0000000000, 0.0000000000, 0.0000000000, 0.0000000000, UNMODULATED, 0, 0, 0 
0.0665000000, 0.0668669205, 0.0000800000, 0.0000582896, 8260000000.0000000000, -2.3183093928, 26.3015216609, 0.0017500000, angry_wolf_sas, Tx-angry_wolf_sas, Search, Staggered, 0, 0.0000000000, -0.0000000000, 110.0000000000, 0.0000000000, 0.0000000000, 0.0000000000, 0.0000000000, 0.0000000000, UNMODULATED, 0, 0, 0 
0.0682500000, 0.0686169205, 0.0000900000, 0.0000582896, 8260000000.0000000000, -2.3183094660, 26.3015216609, 0.0030000000, angry_wolf_sas, Tx-angry_wolf_sas, Search, Staggered, 0, 0.0000000000, -0.0000000000, 110.0000000000, 0.0000000000, 0.0000000000, 0.0000000000, 0.0000000000, 0.0000000000, UNMODULATED, 0, 0, 0 
0.0712500000, 0.0716169205, 0.0000670000, 0.0000582896, 8260000000.0000000000, -2.3183088425, 26.3015216609, 0.0050000000, angry_wolf_sas, Tx-angry_wolf_sas, Search, Staggered, 0, 0.0000000000, -0.0000000000, 110.0000000000, 0.0000000000, 0.0000000000, 0.0000000000, 0.0000000000, 0.0000000000, UNMODULATED, 0, 0, 0 
0.0762500000, 0.0766169205, 0.0000800000, 0.0000582896, 8260000000.0000000000, -2.3183090516, 26.3015216609, 0.0017500000, angry_wolf_sas, Tx-angry_wolf_sas, Search, Staggered, 0, 0.0000000000, -0.0000000000, 110.0000000000, 0.0000000000, 0.0000000000, 0.0000000000, 0.0000000000, 0.0000000000, UNMODULATED, 0, 0, 0 
0.0780000000, 0.0783669205, 0.0000900000, 0.0000582896, 8260000000.0000000000, -2.3183091823, 26.3015216609, 0.0030000000, angry_wolf_sas, Tx-angry_wolf_sas, Search, Staggered, 0, 0.0000000000, -0.0000000000, 110.0000000000, 0.0000000000, 0.0000000000, 0.0000000000, 0.0000000000, 0.0000000000, UNMODULATED, 0, 0, 0 
0.0810000000, 0.0813669205, 0.0000670000, 0.0000582896, 8260000000.0000000000, -2.3183093077, 26.3015216609, 0.0050000000, angry_wolf_sas, Tx-angry_wolf_sas, Search, Staggered, 0, 0.0000000000, -0.0000000000, 110.0000000000, 0.0000000000, 0.0000000000, 0.0000000000, 0.0000000000, 0.0000000000, UNMODULATED, 0, 0, 0 
0.0860000000, 0.0863669205, 0.0000800000, 0.0000582896, 8260000000.0000000000, -2.3183095168, 26.3015216609, 0.0017500000, angry_wolf_sas, Tx-angry_wolf_sas, Search, Staggered, 0, 0.0000000000, -0.0000000000, 110.0000000000, 0.0000000000, 0.0000000000, 0.0000000000, 0.0000000000, 0.0000000000, UNMODULATED, 0, 0, 0 
0.0877500000, 0.0881169205, 0.0000900000, 0.0000582896, 8260000000.0000000000, -2.3183087834, 26.3015216609, 0.0030000000, angry_wolf_sas, Tx-angry_wolf_sas, Search, Staggered, 0, 0.0000000000, -0.0000000000, 110.0000000000, 0.0000000000, 0.0000000000, 0.0000000000, 0.0000000000, 0.0000000000, UNMODULATED, 0, 0, 0 
0.0907500000, 0.0911169205, 0.0000670000, 0.0000582896, 8260000000.0000000000, -2.3183089089, 26.3015216609, 0.0050000000, angry_wolf_sas, Tx-angry_wolf_sas, Search, Staggered, 0, 0.0000000000, -0.0000000000, 110.0000000000, 0.0000000000, 0.0000000000, 0.0000000000, 0.0000000000, 0.0000000000, UNMODULATED, 0, 0, 0 
0.0957500000, 0.0961169205, 0.0000800000, 0.0000582896, 8260000000.0000000000, -2.3183091180, 26.3015216609, 0.0017500000, angry_wolf_sas, Tx-angry_wolf_sas, Search, Staggered, 0, 0.0000000000, -0.0000000000, 110.0000000000, 0.0000000000, 0.0000000000, 0.0000000000, 0.0000000000, 0.0000000000, UNMODULATED, 0, 0, 0 
0.0975000000, 0.0978669205, 0.0000900000, 0.0000582896, 8260000000.0000000000, -2.3183091911, 26.3015216609, 0.0030000000, angry_wolf_sas, Tx-angry_wolf_sas, Search, Staggered, 0, 0.0000000000, -0.0000000000, 110.0000000000, 0.0000000000, 0.0000000000, 0.0000000000, 0.0000000000, 0.0000000000, UNMODULATED, 0, 0, 0 
0.1005000000, 0.1008669205, 0.0000670000, 0.0000582896, 8260000000.0000000000, -2.3183093166, 26.3015216609, 0.0050000000, angry_wolf_sas, Tx-angry_wolf_sas, Search, Staggered, 0, 0.0000000000, -0.0000000000, 110.0000000000, 0.0000000000, 0.0000000000, 0.0000000000, 0.0000000000, 0.0000000000, UNMODULATED, 0, 0, 0 
0.1055000000, 0.1058669205, 0.0000800000, 0.0000582896, 8260000000.0000000000, -2.3183087767, 26.3015216609, 0.0017500000, angry_wolf_sas, Tx-angry_wolf_sas, Search, Staggered, 0, 0.0000000000, -0.0000000000, 110.0000000000, 0.0000000000, 0.0000000000, 0.0000000000, 0.0000000000, 0.0000000000, UNMODULATED, 0, 0, 0 
0.1072500000, 0.1076169205, 0.0000900000, 0.0000582896, 8260000000.0000000000, -2.3183088498, 26.3015216609, 0.0030000000, angry_wolf_sas, Tx-angry_wolf_sas, Search, Staggered, 0, 0.0000000000, -0.0000000000, 110.0000000000, 0.0000000000, 0.0000000000, 0.0000000000, 0.0000000000, 0.0000000000, UNMODULATED, 0, 0, 0 
0.1102500000, 0.1106169205, 0.0000670000, 0.0000582896, 8260000000.0000000000, -2.3183089753, 26.3015216609, 0.0050000000, angry_wolf_sas, Tx-angry_wolf_sas, Search, Staggered, 0, 0.0000000000, -0.0000000000, 110.0000000000, 0.0000000000, 0.0000000000, 0.0000000000, 0.0000000000, 0.0000000000, UNMODULATED, 0, 0, 0 
0.1152500000, 0.1156169205, 0.0000800000, 0.0000582896, 8260000000.0000000000, -2.3183091844, 26.3015216609, 0.0017500000, angry_wolf_sas, Tx-angry_wolf_sas, Search, Staggered, 0, 0.0000000000, -0.0000000000, 110.0000000000, 0.0000000000, 0.0000000000, 0.0000000000, 0.0000000000, 0.0000000000, UNMODULATED, 0, 0, 0 
0.1170000000, 0.1173669205, 0.0000900000, 0.0000582896, 8260000000.0000000000, -2.3183093726, 26.3015216609, 0.0030000000, angry_wolf_sas, Tx-angry_wolf_sas, Search, Staggered, 0, 0.0000000000, -0.0000000000, 110.0000000000, 0.0000000000, 0.0000000000, 0.0000000000, 0.0000000000, 0.0000000000, UNMODULATED, 0, 0, 0 
0.1200000000, 0.1203669205, 0.0000670000, 0.0000582896, 8260000000.0000000000, -2.3183087778, 26.3015216609, 0.0050000000, angry_wolf_sas, Tx-angry_wolf_sas, Search, Staggered, 0, 0.0000000000, -0.0000000000, 110.0000000000, 0.0000000000, 0.0000000000, 0.0000000000, 0.0000000000, 0.0000000000, UNMODULATED, 0, 0, 0 
0.1250000000, 0.1253669205, 0.0000800000, 0.0000582896, 8260000000.0000000000, -2.3183082667, 26.3015216609, 0.0017500000, angry_wolf_sas, Tx-angry_wolf_sas, Search, Staggered, 0, 0.0000000000, -0.0000000000, 110.0000000000, 0.0000000000, 0.0000000000, 0.0000000000, 0.0000000000, 0.0000000000, UNMODULATED, 0, 0, 0 
0.1267500000, 0.1271169205, 0.0000900000, 0.0000582896, 8260000000.0000000000, -2.3183082248, 26.3015216609, 0.0030000000, angry_wolf_sas, Tx-angry_wolf_sas, Search, Staggered, 0, 0.0000000000, -0.0000000000, 110.0000000000, 0.0000000000, 0.0000000000, 0.0000000000, 0.0000000000, 0.0000000000, UNMODULATED, 0, 0, 0 
0.1297500000, 0.1301169205, 0.0000670000, 0.0000582896, 8260000000.0000000000, -2.3183083502, 26.3015216609, 0.0050000000, angry_wolf_sas, Tx-angry_wolf_sas, Search, Staggered, 0, 0.0000000000, -0.0000000000, 110.0000000000, 0.0000000000, 0.0000000000, 0.0000000000, 0.0000000000, 0.0000000000, UNMODULATED, 0, 0, 0 
0.1347500000, 0.1351169205, 0.0000800000, 0.0000582896, 8260000000.0000000000, -2.3183085593, 26.3015216609, 0.0017500000, angry_wolf_sas, Tx-angry_wolf_sas, Search, Staggered, 0, 0.0000000000, -0.0000000000, 110.0000000000, 0.0000000000, 0.0000000000, 0.0000000000, 0.0000000000, 0.0000000000, UNMODULATED, 0, 0, 0 
0.1365000000, 0.1368669205, 0.0000900000, 0.0000582896, 8260000000.0000000000, -2.3183086325, 26.3015216609, 0.0030000000, angry_wolf_sas, Tx-angry_wolf_sas, Search, Staggered, 0, 0.0000000000, -0.0000000000, 110.0000000000, 0.0000000000, 0.0000000000, 0.0000000000, 0.0000000000, 0.0000000000, UNMODULATED, 0, 0, 0 
0.1395000000, 0.1398669205, 0.0000670000, 0.0000582896, 8260000000.0000000000, -2.3183087580, 26.3015216609, 0.0050000000, angry_wolf_sas, Tx-angry_wolf_sas, Search, Staggered, 0, 0.0000000000, -0.0000000000, 110.0000000000, 0.0000000000, 0.0000000000, 0.0000000000, 0.0000000000, 0.0000000000, UNMODULATED, 0, 0, 0 
0.1445000000, 0.1448669205, 0.0000800000, 0.0000582896, 8260000000.0000000000, -2.3183074690, 26.3015216609, 0.0017500000, angry_wolf_sas, Tx-angry_wolf_sas, Search, Staggered, 0, 0.0000000000, -0.0000000000, 110.0000000000, 0.0000000000, 0.0000000000, 0.0000000000, 0.0000000000, 0.0000000000, UNMODULATED, 0, 0, 0 
0.1462500000, 0.1466169205, 0.0000900000, 0.0000582896, 8260000000.0000000000, -2.3183075422, 26.3015216609, 0.0030000000, angry_wolf_sas, Tx-angry_wolf_sas, Search, Staggered, 0, 0.0000000000, -0.0000000000, 110.0000000000, 0.0000000000, 0.0000000000, 0.0000000000, 0.0000000000, 0.0000000000, UNMODULATED, 0, 0, 0 
0.1492500000, 0.1496169205, 0.0000670000, 0.0000582896, 8260000000.0000000000, -2.3183076676, 26.3015216609, 0.0050000000, angry_wolf_sas, Tx-angry_wolf_sas, Search, Staggered, 0, 0.0000000000, -0.0000000000, 110.0000000000, 0.0000000000, 0.0000000000, 0.0000000000, 0.0000000000, 0.0000000000, UNMODULATED, 0, 0, 0 
0.1542500000, 0.1546169205, 0.0000800000, 0.0000582896, 8260000000.0000000000, -2.3183078767, 26.3015216609, 0.0017500000, angry_wolf_sas, Tx-angry_wolf_sas, Search, Staggered, 0, 0.0000000000, -0.0000000000, 110.0000000000, 0.0000000000, 0.0000000000, 0.0000000000, 0.0000000000, 0.0000000000, UNMODULATED, 0, 0, 0 
0.1560000000, 0.1563669205, 0.0000900000, 0.0000582896, 8260000000.0000000000, -2.3183081225, 26.3015216609, 0.0030000000, angry_wolf_sas, Tx-angry_wolf_sas, Search, Staggered, 0, 0.0000000000, -0.0000000000, 110.0000000000, 0.0000000000, 0.0000000000, 0.0000000000, 0.0000000000, 0.0000000000, UNMODULATED, 0, 0, 0 
0.1590000000, 0.1593669205, 0.0000670000, 0.0000582896, 8260000000.0000000000, -2.3183082480, 26.3015216609, 0.0050000000, angry_wolf_sas, Tx-angry_wolf_sas, Search, Staggered, 0, 0.0000000000, -0.0000000000, 110.0000000000, 0.0000000000, 0.0000000000, 0.0000000000, 0.0000000000, 0.0000000000, UNMODULATED, 0, 0, 0 
0.1640000000, 0.1643669205, 0.0000800000, 0.0000582896, 8260000000.0000000000, -2.3183084571, 26.3015216609, 0.0017500000, angry_wolf_sas, Tx-angry_wolf_sas, Search, Staggered, 0, 0.0000000000, -0.0000000000, 110.0000000000, 0.0000000000, 0.0000000000, 0.0000000000, 0.0000000000, 0.0000000000, UNMODULATED, 0, 0, 0 
0.1657500000, 0.1661169205, 0.0000900000, 0.0000582896, 8260000000.0000000000, -2.3183083576, 26.3015216609, 0.0030000000, angry_wolf_sas, Tx-angry_wolf_sas, Search, Staggered, 0, 0.0000000000, -0.0000000000, 110.0000000000, 0.0000000000, 0.0000000000, 0.0000000000, 0.0000000000, 0.0000000000, UNMODULATED, 0, 0, 0 
0.1687500000, 0.1691169205, 0.0000670000, 0.0000582896, 8260000000.0000000000, -2.3183084831, 26.3015216609, 0.0050000000, angry_wolf_sas, Tx-angry_wolf_sas, Search, Staggered, 0, 0.0000000000, -0.0000000000, 110.0000000000, 0.0000000000, 0.0000000000, 0.0000000000, 0.0000000000, 0.0000000000, UNMODULATED, 0, 0, 0 
0.1737500000, 0.1741169205, 0.0000800000, 0.0000582896, 8260000000.0000000000, -2.3183086922, 26.3015216609, 0.0017500000, angry_wolf_sas, Tx-angry_wolf_sas, Search, Staggered, 0, 0.0000000000, -0.0000000000, 110.0000000000, 0.0000000000, 0.0000000000, 0.0000000000, 0.0000000000, 0.0000000000, UNMODULATED, 0, 0, 0 
0.1755000000, 0.1758669205, 0.0000900000, 0.0000582896, 8260000000.0000000000, -2.3183087653, 26.3015216609, 0.0030000000, angry_wolf_sas, Tx-angry_wolf_sas, Search, Staggered, 0, 0.0000000000, -0.0000000000, 110.0000000000, 0.0000000000, 0.0000000000, 0.0000000000, 0.0000000000, 0.0000000000, UNMODULATED, 0, 0, 0 
0.1785000000, 0.1788669205, 0.0000670000, 0.0000582896, 8260000000.0000000000, -2.3183073928, 26.3015216609, 0.0050000000, angry_wolf_sas, Tx-angry_wolf_sas, Search, Staggered, 0, 0.0000000000, -0.0000000000, 110.0000000000, 0.0000000000, 0.0000000000, 0.0000000000, 0.0000000000, 0.0000000000, UNMODULATED, 0, 0, 0 
0.1835000000, 0.1838669205, 0.0000800000, 0.0000582896, 8260000000.0000000000, -2.3183076018, 26.3015216609, 0.0017500000, angry_wolf_sas, Tx-angry_wolf_sas, Search, Staggered, 0, 0.0000000000, -0.0000000000, 110.0000000000, 0.0000000000, 0.0000000000, 0.0000000000, 0.0000000000, 0.0000000000, UNMODULATED, 0, 0, 0 
0.1852500000, 0.1856169205, 0.0000900000, 0.0000582896, 8260000000.0000000000, -2.3183076750, 26.3015216609, 0.0030000000, angry_wolf_sas, Tx-angry_wolf_sas, Search, Staggered, 0, 0.0000000000, -0.0000000000, 110.0000000000, 0.0000000000, 0.0000000000, 0.0000000000, 0.0000000000, 0.0000000000, UNMODULATED, 0, 0, 0 
0.1882500000, 0.1886169205, 0.0000670000, 0.0000582896, 8260000000.0000000000, -2.3183078005, 26.3015216609, 0.0050000000, angry_wolf_sas, Tx-angry_wolf_sas, Search, Staggered, 0, 0.0000000000, -0.0000000000, 110.0000000000, 0.0000000000, 0.0000000000, 0.0000000000, 0.0000000000, 0.0000000000, UNMODULATED, 0, 0, 0 
0.1932500000, 0.1936169205, 0.0000800000, 0.0000582896, 8260000000.0000000000, -2.3183080096, 26.3015216609, 0.0017500000, angry_wolf_sas, Tx-angry_wolf_sas, Search, Staggered, 0, 0.0000000000, -0.0000000000, 110.0000000000, 0.0000000000, 0.0000000000, 0.0000000000, 0.0000000000, 0.0000000000, UNMODULATED, 0, 0, 0 
0.1950000000, 0.1953669205, 0.0000900000, 0.0000582896, 8260000000.0000000000, -2.3183083129, 26.3015216609, 0.0030000000, angry_wolf_sas, Tx-angry_wolf_sas, Search, Staggered, 0, 0.0000000000, -0.0000000000, 110.0000000000, 0.0000000000, 0.0000000000, 0.0000000000, 0.0000000000, 0.0000000000, UNMODULATED, 0, 0, 0 
0.1980000000, 0.1983669205, 0.0000670000, 0.0000582896, 8260000000.0000000000, -2.3183084383, 26.3015216609, 0.0050000000, angry_wolf_sas, Tx-angry_wolf_sas, Search, Staggered, 0, 0.0000000000, -0.0000000000, 110.0000000000, 0.0000000000, 0.0000000000, 0.0000000000, 0.0000000000, 0.0000000000, UNMODULATED, 0, 0, 0 
0.2030000000, 0.2033669205, 0.0000800000, 0.0000582896, 8260000000.0000000000, -2.3183086474, 26.3015216609, 0.0017500000, angry_wolf_sas, Tx-angry_wolf_sas, Search, Staggered, 0, 0.0000000000, -0.0000000000, 110.0000000000, 0.0000000000, 0.0000000000, 0.0000000000, 0.0000000000, 0.0000000000, UNMODULATED, 0, 0, 0 
0.2047500000, 0.2051169205, 0.0000900000, 0.0000582896, 8260000000.0000000000, -2.3183084904, 26.3015216609, 0.0030000000, angry_wolf_sas, Tx-angry_wolf_sas, Search, Staggered, 0, 0.0000000000, -0.0000000000, 110.0000000000, 0.0000000000, 0.0000000000, 0.0000000000, 0.0000000000, 0.0000000000, UNMODULATED, 0, 0, 0 
0.2077500000, 0.2081169205, 0.0000670000, 0.0000582896, 8260000000.0000000000, -2.3183086159, 26.3015216609, 0.0050000000, angry_wolf_sas, Tx-angry_wolf_sas, Search, Staggered, 0, 0.0000000000, -0.0000000000, 110.0000000000, 0.0000000000, 0.0000000000, 0.0000000000, 0.0000000000, 0.0000000000, UNMODULATED, 0, 0, 0 
0.2127500000, 0.2131169205, 0.0000800000, 0.0000582896, 8260000000.0000000000, -2.3183073270, 26.3015216609, 0.0017500000, angry_wolf_sas, Tx-angry_wolf_sas, Search, Staggered, 0, 0.0000000000, -0.0000000000, 110.0000000000, 0.0000000000, 0.0000000000, 0.0000000000, 0.0000000000, 0.0000000000, UNMODULATED, 0, 0, 0 
0.2145000000, 0.2148669205, 0.0000900000, 0.0000582896, 8260000000.0000000000, -2.3183074001, 26.3015216609, 0.0030000000, angry_wolf_sas, Tx-angry_wolf_sas, Search, Staggered, 0, 0.0000000000, -0.0000000000, 110.0000000000, 0.0000000000, 0.0000000000, 0.0000000000, 0.0000000000, 0.0000000000, UNMODULATED, 0, 0, 0 
0.2175000000, 0.2178669205, 0.0000670000, 0.0000582896, 8260000000.0000000000, -2.3183075256, 26.3015216609, 0.0050000000, angry_wolf_sas, Tx-angry_wolf_sas, Search, Staggered, 0, 0.0000000000, -0.0000000000, 110.0000000000, 0.0000000000, 0.0000000000, 0.0000000000, 0.0000000000, 0.0000000000, UNMODULATED, 0, 0, 0 
0.2225000000, 0.2228669205, 0.0000800000, 0.0000582896, 8260000000.0000000000, -2.3183077347, 26.3015216609, 0.0017500000, angry_wolf_sas, Tx-angry_wolf_sas, Search, Staggered, 0, 0.0000000000, -0.0000000000, 110.0000000000, 0.0000000000, 0.0000000000, 0.0000000000, 0.0000000000, 0.0000000000, UNMODULATED, 0, 0, 0 
0.2242500000, 0.2246169205, 0.0000900000, 0.0000582896, 8260000000.0000000000, -2.3183078078, 26.3015216609, 0.0030000000, angry_wolf_sas, Tx-angry_wolf_sas, Search, Staggered, 0, 0.0000000000, -0.0000000000, 110.0000000000, 0.0000000000, 0.0000000000, 0.0000000000, 0.0000000000, 0.0000000000, UNMODULATED, 0, 0, 0 
0.2272500000, 0.2276169205, 0.0000670000, 0.0000582896, 8260000000.0000000000, -2.3183079333, 26.3015216609, 0.0050000000, angry_wolf_sas, Tx-angry_wolf_sas, Search, Staggered, 0, 0.0000000000, -0.0000000000, 110.0000000000, 0.0000000000, 0.0000000000, 0.0000000000, 0.0000000000, 0.0000000000, UNMODULATED, 0, 0, 0 
0.2322500000, 0.2326169205, 0.0000800000, 0.0000582896, 8260000000.0000000000, -2.3183081424, 26.3015216609, 0.0017500000, angry_wolf_sas, Tx-angry_wolf_sas, Search, Staggered, 0, 0.0000000000, -0.0000000000, 110.0000000000, 0.0000000000, 0.0000000000, 0.0000000000, 0.0000000000, 0.0000000000, UNMODULATED, 0, 0, 0 
0.2340000000, 0.2343669205, 0.0000900000, 0.0000582896, 8260000000.0000000000, -2.3183085033, 26.3015216609, 0.0030000000, angry_wolf_sas, Tx-angry_wolf_sas, Search, Staggered, 0, 0.0000000000, -0.0000000000, 110.0000000000, 0.0000000000, 0.0000000000, 0.0000000000, 0.0000000000, 0.0000000000, UNMODULATED, 0, 0, 0 
0.2370000000, 0.2373669205, 0.0000670000, 0.0000582896, 8260000000.0000000000, -2.3183086287, 26.3015216609, 0.0050000000, angry_wolf_sas, Tx-angry_wolf_sas, Search, Staggered, 0, 0.0000000000, -0.0000000000, 110.0000000000, 0.0000000000, 0.0000000000, 0.0000000000, 0.0000000000, 0.0000000000, UNMODULATED, 0, 0, 0 
0.2420000000, 0.2423669205, 0.0000800000, 0.0000582896, 8260000000.0000000000, -2.3183073973, 26.3015216609, 0.0017500000, angry_wolf_sas, Tx-angry_wolf_sas, Search, Staggered, 0, 0.0000000000, -0.0000000000, 110.0000000000, 0.0000000000, 0.0000000000, 0.0000000000, 0.0000000000, 0.0000000000, UNMODULATED, 0, 0, 0 
0.2437500000, 0.2441169205, 0.0000900000, 0.0000582896, 8260000000.0000000000, -2.3183071252, 26.3015216609, 0.0030000000, angry_wolf_sas, Tx-angry_wolf_sas, Search, Staggered, 0, 0.0000000000, -0.0000000000, 110.0000000000, 0.0000000000, 0.0000000000, 0.0000000000, 0.0000000000, 0.0000000000, UNMODULATED, 0, 0, 0 
0.2467500000, 0.2471169205, 0.0000670000, 0.0000582896, 8260000000.0000000000, -2.3183072507, 26.3015216609, 0.0050000000, angry_wolf_sas, Tx-angry_wolf_sas, Search, Staggered, 0, 0.0000000000, -0.0000000000, 110.0000000000, 0.0000000000, 0.0000000000, 0.0000000000, 0.0000000000, 0.0000000000, UNMODULATED, 0, 0, 0 
0.2517500000, 0.2521169205, 0.0000800000, 0.0000582896, 8260000000.0000000000, -2.3183089578, 26.3015216609, 0.0017500000, angry_wolf_sas, Tx-angry_wolf_sas, Search, Staggered, 0, 0.0000000000, -0.0000000000, 110.0000000000, 0.0000000000, 0.0000000000, 0.0000000000, 0.0000000000, 0.0000000000, UNMODULATED, 0, 0, 0 
0.2535000000, 0.2538669205, 0.0000900000, 0.0000582896, 8260000000.0000000000, -2.3183090885, 26.3015216609, 0.0030000000, angry_wolf_sas, Tx-angry_wolf_sas, Search, Staggered, 0, 0.0000000000, -0.0000000000, 110.0000000000, 0.0000000000, 0.0000000000, 0.0000000000, 0.0000000000, 0.0000000000, UNMODULATED, 0, 0, 0 
0.2565000000, 0.2568669205, 0.0000670000, 0.0000582896, 8260000000.0000000000, -2.3183092140, 26.3015216609, 0.0050000000, angry_wolf_sas, Tx-angry_wolf_sas, Search, Staggered, 0, 0.0000000000, -0.0000000000, 110.0000000000, 0.0000000000, 0.0000000000, 0.0000000000, 0.0000000000, 0.0000000000, UNMODULATED, 0, 0, 0 
0.2615000000, 0.2618669205, 0.0000800000, 0.0000582896, 8260000000.0000000000, -2.3183094231, 26.3015216609, 0.0017500000, angry_wolf_sas, Tx-angry_wolf_sas, Search, Staggered, 0, 0.0000000000, -0.0000000000, 110.0000000000, 0.0000000000, 0.0000000000, 0.0000000000, 0.0000000000, 0.0000000000, UNMODULATED, 0, 0, 0 
0.2632500000, 0.2636169205, 0.0000900000, 0.0000582896, 8260000000.0000000000, -2.3183080558, 26.3015216609, 0.0030000000, angry_wolf_sas, Tx-angry_wolf_sas, Search, Staggered, 0, 0.0000000000, -0.0000000000, 110.0000000000, 0.0000000000, 0.0000000000, 0.0000000000, 0.0000000000, 0.0000000000, UNMODULATED, 0, 0, 0 
0.2662500000, 0.2666169205, 0.0000670000, 0.0000582896, 8260000000.0000000000, -2.3183081812, 26.3015216609, 0.0050000000, angry_wolf_sas, Tx-angry_wolf_sas, Search, Staggered, 0, 0.0000000000, -0.0000000000, 110.0000000000, 0.0000000000, 0.0000000000, 0.0000000000, 0.0000000000, 0.0000000000, UNMODULATED, 0, 0, 0 
0.2712500000, 0.2716169205, 0.0000800000, 0.0000582896, 8260000000.0000000000, -2.3183083903, 26.3015216609, 0.0017500000, angry_wolf_sas, Tx-angry_wolf_sas, Search, Staggered, 0, 0.0000000000, -0.0000000000, 110.0000000000, 0.0000000000, 0.0000000000, 0.0000000000, 0.0000000000, 0.0000000000, UNMODULATED, 0, 0, 0 
0.2730000000, 0.2733669205, 0.0000900000, 0.0000582896, 8260000000.0000000000, -2.3183101341, 26.3015216609, 0.0030000000, angry_wolf_sas, Tx-angry_wolf_sas, Search, Staggered, 0, 0.0000000000, -0.0000000000, 110.0000000000, 0.0000000000, 0.0000000000, 0.0000000000, 0.0000000000, 0.0000000000, UNMODULATED, 0, 0, 0 
0.2760000000, 0.2763669205, 0.0000670000, 0.0000582896, 8260000000.0000000000, -2.3183102596, 26.3015216609, 0.0050000000, angry_wolf_sas, Tx-angry_wolf_sas, Search, Staggered, 0, 0.0000000000, -0.0000000000, 110.0000000000, 0.0000000000, 0.0000000000, 0.0000000000, 0.0000000000, 0.0000000000, UNMODULATED, 0, 0, 0 
0.2810000000, 0.2813669205, 0.0000800000, 0.0000582896, 8260000000.0000000000, -2.3183104686, 26.3015216609, 0.0017500000, angry_wolf_sas, Tx-angry_wolf_sas, Search, Staggered, 0, 0.0000000000, -0.0000000000, 110.0000000000, 0.0000000000, 0.0000000000, 0.0000000000, 0.0000000000, 0.0000000000, UNMODULATED, 0, 0, 0 
0.2827500000, 0.2831169205, 0.0000900000, 0.0000582896, 8260000000.0000000000, -2.3183089863, 26.3015216609, 0.0030000000, angry_wolf_sas, Tx-angry_wolf_sas, Search, Staggered, 0, 0.0000000000, -0.0000000000, 110.0000000000, 0.0000000000, 0.0000000000, 0.0000000000, 0.0000000000, 0.0000000000, UNMODULATED, 0, 0, 0 
0.2857500000, 0.2861169205, 0.0000670000, 0.0000582896, 8260000000.0000000000, -2.3183091117, 26.3015216609, 0.0050000000, angry_wolf_sas, Tx-angry_wolf_sas, Search, Staggered, 0, 0.0000000000, -0.0000000000, 110.0000000000, 0.0000000000, 0.0000000000, 0.0000000000, 0.0000000000, 0.0000000000, UNMODULATED, 0, 0, 0 
0.2907500000, 0.2911169205, 0.0000800000, 0.0000582896, 8260000000.0000000000, -2.3183093208, 26.3015216609, 0.0017500000, angry_wolf_sas, Tx-angry_wolf_sas, Search, Staggered, 0, 0.0000000000, -0.0000000000, 110.0000000000, 0.0000000000, 0.0000000000, 0.0000000000, 0.0000000000, 0.0000000000, UNMODULATED, 0, 0, 0 
0.2925000000, 0.2928669205, 0.0000900000, 0.0000582896, 8260000000.0000000000, -2.3183079535, 26.3015216609, 0.0030000000, angry_wolf_sas, Tx-angry_wolf_sas, Search, Staggered, 0, 0.0000000000, -0.0000000000, 110.0000000000, 0.0000000000, 0.0000000000, 0.0000000000, 0.0000000000, 0.0000000000, UNMODULATED, 0, 0, 0 
0.2955000000, 0.2958669205, 0.0000670000, 0.0000582896, 8260000000.0000000000, -2.3183080789, 26.3015216609, 0.0050000000, angry_wolf_sas, Tx-angry_wolf_sas, Search, Staggered, 0, 0.0000000000, -0.0000000000, 110.0000000000, 0.0000000000, 0.0000000000, 0.0000000000, 0.0000000000, 0.0000000000, UNMODULATED, 0, 0, 0 
0.3005000000, 0.3008669205, 0.0000800000, 0.0000582896, 8260000000.0000000000, -2.3183082880, 26.3015216609, 0.0017500000, angry_wolf_sas, Tx-angry_wolf_sas, Search, Staggered, 0, 0.0000000000, -0.0000000000, 110.0000000000, 0.0000000000, 0.0000000000, 0.0000000000, 0.0000000000, 0.0000000000, UNMODULATED, 0, 0, 0 
0.3022500000, 0.3026169205, 0.0000900000, 0.0000582896, 8260000000.0000000000, -2.3183099168, 26.3015216609, 0.0030000000, angry_wolf_sas, Tx-angry_wolf_sas, Search, Staggered, 0, 0.0000000000, -0.0000000000, 110.0000000000, 0.0000000000, 0.0000000000, 0.0000000000, 0.0000000000, 0.0000000000, UNMODULATED, 0, 0, 0 
0.3052500000, 0.3056169205, 0.0000670000, 0.0000582896, 8260000000.0000000000, -2.3183100422, 26.3015216609, 0.0050000000, angry_wolf_sas, Tx-angry_wolf_sas, Search, Staggered, 0, 0.0000000000, -0.0000000000, 110.0000000000, 0.0000000000, 0.0000000000, 0.0000000000, 0.0000000000, 0.0000000000, UNMODULATED, 0, 0, 0 
0.3102500000, 0.3106169205, 0.0000800000, 0.0000582896, 8260000000.0000000000, -2.3183102513, 26.3015216609, 0.0017500000, angry_wolf_sas, Tx-angry_wolf_sas, Search, Staggered, 0, 0.0000000000, -0.0000000000, 110.0000000000, 0.0000000000, 0.0000000000, 0.0000000000, 0.0000000000, 0.0000000000, UNMODULATED, 0, 0, 0 
0.3120000000, 0.3123669205, 0.0000900000, 0.0000582896, 8260000000.0000000000, -2.3183088840, 26.3015216609, 0.0030000000, angry_wolf_sas, Tx-angry_wolf_sas, Search, Staggered, 0, 0.0000000000, -0.0000000000, 110.0000000000, 0.0000000000, 0.0000000000, 0.0000000000, 0.0000000000, 0.0000000000, UNMODULATED, 0, 0, 0 
0.3150000000, 0.3153669205, 0.0000670000, 0.0000582896, 8260000000.0000000000, -2.3183090094, 26.3015216609, 0.0050000000, angry_wolf_sas, Tx-angry_wolf_sas, Search, Staggered, 0, 0.0000000000, -0.0000000000, 110.0000000000, 0.0000000000, 0.0000000000, 0.0000000000, 0.0000000000, 0.0000000000, UNMODULATED, 0, 0, 0 
0.3200000000, 0.3203669205, 0.0000800000, 0.0000582896, 8260000000.0000000000, -2.3183092185, 26.3015216609, 0.0017500000, angry_wolf_sas, Tx-angry_wolf_sas, Search, Staggered, 0, 0.0000000000, -0.0000000000, 110.0000000000, 0.0000000000, 0.0000000000, 0.0000000000, 0.0000000000, 0.0000000000, UNMODULATED, 0, 0, 0 
0.3217500000, 0.3221169205, 0.0000900000, 0.0000582896, 8260000000.0000000000, -2.3183078512, 26.3015216609, 0.0030000000, angry_wolf_sas, Tx-angry_wolf_sas, Search, Staggered, 0, 0.0000000000, -0.0000000000, 110.0000000000, 0.0000000000, 0.0000000000, 0.0000000000, 0.0000000000, 0.0000000000, UNMODULATED, 0, 0, 0 
0.3247500000, 0.3251169205, 0.0000670000, 0.0000582896, 8260000000.0000000000, -2.3183079767, 26.3015216609, 0.0050000000, angry_wolf_sas, Tx-angry_wolf_sas, Search, Staggered, 0, 0.0000000000, -0.0000000000, 110.0000000000, 0.0000000000, 0.0000000000, 0.0000000000, 0.0000000000, 0.0000000000, UNMODULATED, 0, 0, 0 
0.3297500000, 0.3301169205, 0.0000800000, 0.0000582896, 8260000000.0000000000, -2.3183081858, 26.3015216609, 0.0017500000, angry_wolf_sas, Tx-angry_wolf_sas, Search, Staggered, 0, 0.0000000000, -0.0000000000, 110.0000000000, 0.0000000000, 0.0000000000, 0.0000000000, 0.0000000000, 0.0000000000, UNMODULATED, 0, 0, 0 
0.3315000000, 0.3318669205, 0.0000900000, 0.0000582896, 8260000000.0000000000, 3.9648754927, 26.3015216609, 0.0030000000, angry_wolf_sas, Tx-angry_wolf_sas, Search, Staggered, 0, 0.0000000000, -0.0000000000, 110.0000000000, 0.0000000000, 0.0000000000, 0.0000000000, 0.0000000000, 0.0000000000, UNMODULATED, 0, 0, 0 
0.3345000000, 0.3348669205, 0.0000670000, 0.0000582896, 8260000000.0000000000, 3.9648753672, 26.3015216609, 0.0050000000, angry_wolf_sas, Tx-angry_wolf_sas, Search, Staggered, 0, 0.0000000000, -0.0000000000, 110.0000000000, 0.0000000000, 0.0000000000, 0.0000000000, 0.0000000000, 0.0000000000, UNMODULATED, 0, 0, 0 
0.3395000000, 0.3398669205, 0.0000800000, 0.0000582896, 8260000000.0000000000, 3.9648751581, 26.3015216609, 0.0017500000, angry_wolf_sas, Tx-angry_wolf_sas, Search, Staggered, 0, 0.0000000000, -0.0000000000, 110.0000000000, 0.0000000000, 0.0000000000, 0.0000000000, 0.0000000000, 0.0000000000, UNMODULATED, 0, 0, 0 
0.3412500000, 0.3416169205, 0.0000900000, 0.0000582896, 8260000000.0000000000, 3.9648765255, 26.3015216609, 0.0030000000, angry_wolf_sas, Tx-angry_wolf_sas, Search, Staggered, 0, 0.0000000000, -0.0000000000, 110.0000000000, 0.0000000000, 0.0000000000, 0.0000000000, 0.0000000000, 0.0000000000, UNMODULATED, 0, 0, 0 
0.3442500000, 0.3446169205, 0.0000670000, 0.0000582896, 8260000000.0000000000, 3.9648764000, 26.3015216609, 0.0050000000, angry_wolf_sas, Tx-angry_wolf_sas, Search, Staggered, 0, 0.0000000000, -0.0000000000, 110.0000000000, 0.0000000000, 0.0000000000, 0.0000000000, 0.0000000000, 0.0000000000, UNMODULATED, 0, 0, 0 
0.3492500000, 0.3496169205, 0.0000800000, 0.0000582896, 8260000000.0000000000, 3.9648761909, 26.3015216609, 0.0017500000, angry_wolf_sas, Tx-angry_wolf_sas, Search, Staggered, 0, 0.0000000000, -0.0000000000, 110.0000000000, 0.0000000000, 0.0000000000, 0.0000000000, 0.0000000000, 0.0000000000, UNMODULATED, 0, 0, 0 
0.3510000000, 0.3513669205, 0.0000900000, 0.0000582896, 8260000000.0000000000, 3.9648775582, 26.3015216609, 0.0030000000, angry_wolf_sas, Tx-angry_wolf_sas, Search, Staggered, 0, 0.0000000000, -0.0000000000, 110.0000000000, 0.0000000000, 0.0000000000, 0.0000000000, 0.0000000000, 0.0000000000, UNMODULATED, 0, 0, 0 
0.3540000000, 0.3543669205, 0.0000670000, 0.0000582896, 8260000000.0000000000, 3.9648774328, 26.3015216609, 0.0050000000, angry_wolf_sas, Tx-angry_wolf_sas, Search, Staggered, 0, 0.0000000000, -0.0000000000, 110.0000000000, 0.0000000000, 0.0000000000, 0.0000000000, 0.0000000000, 0.0000000000, UNMODULATED, 0, 0, 0 
0.3590000000, 0.3593669205, 0.0000800000, 0.0000582896, 8260000000.0000000000, 3.9648772237, 26.3015216609, 0.0017500000, angry_wolf_sas, Tx-angry_wolf_sas, Search, Staggered, 0, 0.0000000000, -0.0000000000, 110.0000000000, 0.0000000000, 0.0000000000, 0.0000000000, 0.0000000000, 0.0000000000, UNMODULATED, 0, 0, 0 
0.3607500000, 0.3611169205, 0.0000900000, 0.0000582896, 8260000000.0000000000, 3.9648755949, 26.3015216609, 0.0030000000, angry_wolf_sas, Tx-angry_wolf_sas, Search, Staggered, 0, 0.0000000000, -0.0000000000, 110.0000000000, 0.0000000000, 0.0000000000, 0.0000000000, 0.0000000000, 0.0000000000, UNMODULATED, 0, 0, 0 
0.3637500000, 0.3641169205, 0.0000670000, 0.0000582896, 8260000000.0000000000, 3.9648754695, 26.3015216609, 0.0050000000, angry_wolf_sas, Tx-angry_wolf_sas, Search, Staggered, 0, 0.0000000000, -0.0000000000, 110.0000000000, 0.0000000000, 0.0000000000, 0.0000000000, 0.0000000000, 0.0000000000, UNMODULATED, 0, 0, 0 
0.3687500000, 0.3691169205, 0.0000800000, 0.0000582896, 8260000000.0000000000, 3.9648752604, 26.3015216609, 0.0017500000, angry_wolf_sas, Tx-angry_wolf_sas, Search, Staggered, 0, 0.0000000000, -0.0000000000, 110.0000000000, 0.0000000000, 0.0000000000, 0.0000000000, 0.0000000000, 0.0000000000, UNMODULATED, 0, 0, 0 
0.3705000000, 0.3708669205, 0.0000900000, 0.0000582896, 8260000000.0000000000, 3.9648766277, 26.3015216609, 0.0030000000, angry_wolf_sas, Tx-angry_wolf_sas, Search, Staggered, 0, 0.0000000000, -0.0000000000, 110.0000000000, 0.0000000000, 0.0000000000, 0.0000000000, 0.0000000000, 0.0000000000, UNMODULATED, 0, 0, 0 
0.3735000000, 0.3738669205, 0.0000670000, 0.0000582896, 8260000000.0000000000, 3.9648765023, 26.3015216609, 0.0050000000, angry_wolf_sas, Tx-angry_wolf_sas, Search, Staggered, 0, 0.0000000000, -0.0000000000, 110.0000000000, 0.0000000000, 0.0000000000, 0.0000000000, 0.0000000000, 0.0000000000, UNMODULATED, 0, 0, 0 
0.3785000000, 0.3788669205, 0.0000800000, 0.0000582896, 8260000000.0000000000, 3.9648762932, 26.3015216609, 0.0017500000, angry_wolf_sas, Tx-angry_wolf_sas, Search, Staggered, 0, 0.0000000000, -0.0000000000, 110.0000000000, 0.0000000000, 0.0000000000, 0.0000000000, 0.0000000000, 0.0000000000, UNMODULATED, 0, 0, 0 
0.3802500000, 0.3806169205, 0.0000900000, 0.0000582896, 8260000000.0000000000, 3.9648776605, 26.3015216609, 0.0030000000, angry_wolf_sas, Tx-angry_wolf_sas, Search, Staggered, 0, 0.0000000000, -0.0000000000, 110.0000000000, 0.0000000000, 0.0000000000, 0.0000000000, 0.0000000000, 0.0000000000, UNMODULATED, 0, 0, 0 
0.3832500000, 0.3836169205, 0.0000670000, 0.0000582896, 8260000000.0000000000, 3.9648775350, 26.3015216609, 0.0050000000, angry_wolf_sas, Tx-angry_wolf_sas, Search, Staggered, 0, 0.0000000000, -0.0000000000, 110.0000000000, 0.0000000000, 0.0000000000, 0.0000000000, 0.0000000000, 0.0000000000, UNMODULATED, 0, 0, 0 
0.3882500000, 0.3886169205, 0.0000800000, 0.0000582896, 8260000000.0000000000, 3.9648773260, 26.3015216609, 0.0017500000, angry_wolf_sas, Tx-angry_wolf_sas, Search, Staggered, 0, 0.0000000000, -0.0000000000, 110.0000000000, 0.0000000000, 0.0000000000, 0.0000000000, 0.0000000000, 0.0000000000, UNMODULATED, 0, 0, 0 
0.3900000000, 0.3903669205, 0.0000900000, 0.0000582896, 8260000000.0000000000, 3.9648756972, 26.3015216609, 0.0030000000, angry_wolf_sas, Tx-angry_wolf_sas, Search, Staggered, 0, 0.0000000000, -0.0000000000, 110.0000000000, 0.0000000000, 0.0000000000, 0.0000000000, 0.0000000000, 0.0000000000, UNMODULATED, 0, 0, 0 
0.3930000000, 0.3933669205, 0.0000670000, 0.0000582896, 8260000000.0000000000, 3.9648755718, 26.3015216609, 0.0050000000, angry_wolf_sas, Tx-angry_wolf_sas, Search, Staggered, 0, 0.0000000000, -0.0000000000, 110.0000000000, 0.0000000000, 0.0000000000, 0.0000000000, 0.0000000000, 0.0000000000, UNMODULATED, 0, 0, 0 
0.3980000000, 0.3983669205, 0.0000800000, 0.0000582896, 8260000000.0000000000, 3.9648753627, 26.3015216609, 0.0017500000, angry_wolf_sas, Tx-angry_wolf_sas, Search, Staggered, 0, 0.0000000000, -0.0000000000, 110.0000000000, 0.0000000000, 0.0000000000, 0.0000000000, 0.0000000000, 0.0000000000, UNMODULATED, 0, 0, 0 
0.3997500000, 0.4001169205, 0.0000900000, 0.0000582896, 8260000000.0000000000, 3.9648767300, 26.3015216609, 0.0030000000, angry_wolf_sas, Tx-angry_wolf_sas, Search, Staggered, 0, 0.0000000000, -0.0000000000, 110.0000000000, 0.0000000000, 0.0000000000, 0.0000000000, 0.0000000000, 0.0000000000, UNMODULATED, 0, 0, 0 
0.4027500000, 0.4031169205, 0.0000670000, 0.0000582896, 8260000000.0000000000, 3.9648766045, 26.3015216609, 0.0050000000, angry_wolf_sas, Tx-angry_wolf_sas, Search, Staggered, 0, 0.0000000000, -0.0000000000, 110.0000000000, 0.0000000000, 0.0000000000, 0.0000000000, 0.0000000000, 0.0000000000, UNMODULATED, 0, 0, 0 
0.4077500000, 0.4081169205, 0.0000800000, 0.0000582896, 8260000000.0000000000, 3.9648763955, 26.3015216609, 0.0017500000, angry_wolf_sas, Tx-angry_wolf_sas, Search, Staggered, 0, 0.0000000000, -0.0000000000, 110.0000000000, 0.0000000000, 0.0000000000, 0.0000000000, 0.0000000000, 0.0000000000, UNMODULATED, 0, 0, 0 
0.4095000000, 0.4098669205, 0.0000900000, 0.0000582896, 8260000000.0000000000, 3.9648777628, 26.3015216609, 0.0030000000, angry_wolf_sas, Tx-angry_wolf_sas, Search, Staggered, 0, 0.0000000000, -0.0000000000, 110.0000000000, 0.0000000000, 0.0000000000, 0.0000000000, 0.0000000000, 0.0000000000, UNMODULATED, 0, 0, 0 
0.4125000000, 0.4128669205, 0.0000670000, 0.0000582896, 8260000000.0000000000, 3.9648776373, 26.3015216609, 0.0050000000, angry_wolf_sas, Tx-angry_wolf_sas, Search, Staggered, 0, 0.0000000000, -0.0000000000, 110.0000000000, 0.0000000000, 0.0000000000, 0.0000000000, 0.0000000000, 0.0000000000, UNMODULATED, 0, 0, 0 
0.4175000000, 0.4178669205, 0.0000800000, 0.0000582896, 8260000000.0000000000, 3.9648774282, 26.3015216609, 0.0017500000, angry_wolf_sas, Tx-angry_wolf_sas, Search, Staggered, 0, 0.0000000000, -0.0000000000, 110.0000000000, 0.0000000000, 0.0000000000, 0.0000000000, 0.0000000000, 0.0000000000, UNMODULATED, 0, 0, 0 
0.4192500000, 0.4196169205, 0.0000900000, 0.0000582896, 8260000000.0000000000, 3.9648757995, 26.3015216609, 0.0030000000, angry_wolf_sas, Tx-angry_wolf_sas, Search, Staggered, 0, 0.0000000000, -0.0000000000, 110.0000000000, 0.0000000000, 0.0000000000, 0.0000000000, 0.0000000000, 0.0000000000, UNMODULATED, 0, 0, 0 
0.4222500000, 0.4226169205, 0.0000670000, 0.0000582896, 8260000000.0000000000, 3.9648756740, 26.3015216609, 0.0050000000, angry_wolf_sas, Tx-angry_wolf_sas, Search, Staggered, 0, 0.0000000000, -0.0000000000, 110.0000000000, 0.0000000000, 0.0000000000, 0.0000000000, 0.0000000000, 0.0000000000, UNMODULATED, 0, 0, 0 
0.4272500000, 0.4276169205, 0.0000800000, 0.0000582896, 8260000000.0000000000, 3.9648754650, 26.3015216609, 0.0017500000, angry_wolf_sas, Tx-angry_wolf_sas, Search, Staggered, 0, 0.0000000000, -0.0000000000, 110.0000000000, 0.0000000000, 0.0000000000, 0.0000000000, 0.0000000000, 0.0000000000, UNMODULATED, 0, 0, 0 
0.4290000000, 0.4293669205, 0.0000900000, 0.0000582896, 8260000000.0000000000, 3.9648768323, 26.3015216609, 0.0030000000, angry_wolf_sas, Tx-angry_wolf_sas, Search, Staggered, 0, 0.0000000000, -0.0000000000, 110.0000000000, 0.0000000000, 0.0000000000, 0.0000000000, 0.0000000000, 0.0000000000, UNMODULATED, 0, 0, 0 
0.4320000000, 0.4323669205, 0.0000670000, 0.0000582896, 8260000000.0000000000, 3.9648767068, 26.3015216609, 0.0050000000, angry_wolf_sas, Tx-angry_wolf_sas, Search, Staggered, 0, 0.0000000000, -0.0000000000, 110.0000000000, 0.0000000000, 0.0000000000, 0.0000000000, 0.0000000000, 0.0000000000, UNMODULATED, 0, 0, 0 
0.4370000000, 0.4373669205, 0.0000800000, 0.0000582896, 8260000000.0000000000, 3.9648764977, 26.3015216609, 0.0017500000, angry_wolf_sas, Tx-angry_wolf_sas, Search, Staggered, 0, 0.0000000000, -0.0000000000, 110.0000000000, 0.0000000000, 0.0000000000, 0.0000000000, 0.0000000000, 0.0000000000, UNMODULATED, 0, 0, 0 
0.4387500000, 0.4391169205, 0.0000900000, 0.0000582896, 8260000000.0000000000, 3.9648778650, 26.3015216609, 0.0030000000, angry_wolf_sas, Tx-angry_wolf_sas, Search, Staggered, 0, 0.0000000000, -0.0000000000, 110.0000000000, 0.0000000000, 0.0000000000, 0.0000000000, 0.0000000000, 0.0000000000, UNMODULATED, 0, 0, 0 
0.4417500000, 0.4421169205, 0.0000670000, 0.0000582896, 8260000000.0000000000, 3.9648777396, 26.3015216609, 0.0050000000, angry_wolf_sas, Tx-angry_wolf_sas, Search, Staggered, 0, 0.0000000000, -0.0000000000, 110.0000000000, 0.0000000000, 0.0000000000, 0.0000000000, 0.0000000000, 0.0000000000, UNMODULATED, 0, 0, 0 
0.4467500000, 0.4471169205, 0.0000800000, 0.0000582896, 8260000000.0000000000, 3.9648775305, 26.3015216609, 0.0017500000, angry_wolf_sas, Tx-angry_wolf_sas, Search, Staggered, 0, 0.0000000000, -0.0000000000, 110.0000000000, 0.0000000000, 0.0000000000, 0.0000000000, 0.0000000000, 0.0000000000, UNMODULATED, 0, 0, 0 
0.4485000000, 0.4488669205, 0.0000900000, 0.0000582896, 8260000000.0000000000, 3.9648759018, 26.3015216609, 0.0030000000, angry_wolf_sas, Tx-angry_wolf_sas, Search, Staggered, 0, 0.0000000000, -0.0000000000, 110.0000000000, 0.0000000000, 0.0000000000, 0.0000000000, 0.0000000000, 0.0000000000, UNMODULATED, 0, 0, 0 
0.4515000000, 0.4518669205, 0.0000670000, 0.0000582896, 8260000000.0000000000, 3.9648757763, 26.3015216609, 0.0050000000, angry_wolf_sas, Tx-angry_wolf_sas, Search, Staggered, 0, 0.0000000000, -0.0000000000, 110.0000000000, 0.0000000000, 0.0000000000, 0.0000000000, 0.0000000000, 0.0000000000, UNMODULATED, 0, 0, 0 
0.4565000000, 0.4568669205, 0.0000800000, 0.0000582896, 8260000000.0000000000, 3.9648755672, 26.3015216609, 0.0017500000, angry_wolf_sas, Tx-angry_wolf_sas, Search, Staggered, 0, 0.0000000000, -0.0000000000, 110.0000000000, 0.0000000000, 0.0000000000, 0.0000000000, 0.0000000000, 0.0000000000, UNMODULATED, 0, 0, 0 
0.4582500000, 0.4586169205, 0.0000900000, 0.0000582896, 8260000000.0000000000, 3.9648769345, 26.3015216609, 0.0030000000, angry_wolf_sas, Tx-angry_wolf_sas, Search, Staggered, 0, 0.0000000000, -0.0000000000, 110.0000000000, 0.0000000000, 0.0000000000, 0.0000000000, 0.0000000000, 0.0000000000, UNMODULATED, 0, 0, 0 
0.4612500000, 0.4616169205, 0.0000670000, 0.0000582896, 8260000000.0000000000, 3.9648768091, 26.3015216609, 0.0050000000, angry_wolf_sas, Tx-angry_wolf_sas, Search, Staggered, 0, 0.0000000000, -0.0000000000, 110.0000000000, 0.0000000000, 0.0000000000, 0.0000000000, 0.0000000000, 0.0000000000, UNMODULATED, 0, 0, 0 
0.4662500000, 0.4666169205, 0.0000800000, 0.0000582896, 8260000000.0000000000, 3.9648766000, 26.3015216609, 0.0017500000, angry_wolf_sas, Tx-angry_wolf_sas, Search, Staggered, 0, 0.0000000000, -0.0000000000, 110.0000000000, 0.0000000000, 0.0000000000, 0.0000000000, 0.0000000000, 0.0000000000, UNMODULATED, 0, 0, 0 
0.4680000000, 0.4683669205, 0.0000900000, 0.0000582896, 8260000000.0000000000, 3.9648779673, 26.3015216609, 0.0030000000, angry_wolf_sas, Tx-angry_wolf_sas, Search, Staggered, 0, 0.0000000000, -0.0000000000, 110.0000000000, 0.0000000000, 0.0000000000, 0.0000000000, 0.0000000000, 0.0000000000, UNMODULATED, 0, 0, 0 
0.4710000000, 0.4713669205, 0.0000670000, 0.0000582896, 8260000000.0000000000, 3.9648778419, 26.3015216609, 0.0050000000, angry_wolf_sas, Tx-angry_wolf_sas, Search, Staggered, 0, 0.0000000000, -0.0000000000, 110.0000000000, 0.0000000000, 0.0000000000, 0.0000000000, 0.0000000000, 0.0000000000, UNMODULATED, 0, 0, 0 
0.4760000000, 0.4763669205, 0.0000800000, 0.0000582896, 8260000000.0000000000, 3.9648776328, 26.3015216609, 0.0017500000, angry_wolf_sas, Tx-angry_wolf_sas, Search, Staggered, 0, 0.0000000000, -0.0000000000, 110.0000000000, 0.0000000000, 0.0000000000, 0.0000000000, 0.0000000000, 0.0000000000, UNMODULATED, 0, 0, 0 
0.4777500000, 0.4781169205, 0.0000900000, 0.0000582896, 8260000000.0000000000, 3.9648760040, 26.3015216609, 0.0030000000, angry_wolf_sas, Tx-angry_wolf_sas, Search, Staggered, 0, 0.0000000000, -0.0000000000, 110.0000000000, 0.0000000000, 0.0000000000, 0.0000000000, 0.0000000000, 0.0000000000, UNMODULATED, 0, 0, 0 
0.4807500000, 0.4811169205, 0.0000670000, 0.0000582896, 8260000000.0000000000, 3.9648758786, 26.3015216609, 0.0050000000, angry_wolf_sas, Tx-angry_wolf_sas, Search, Staggered, 0, 0.0000000000, -0.0000000000, 110.0000000000, 0.0000000000, 0.0000000000, 0.0000000000, 0.0000000000, 0.0000000000, UNMODULATED, 0, 0, 0 
0.4857500000, 0.4861169205, 0.0000800000, 0.0000582896, 8260000000.0000000000, 3.9648756695, 26.3015216609, 0.0017500000, angry_wolf_sas, Tx-angry_wolf_sas, Search, Staggered, 0, 0.0000000000, -0.0000000000, 110.0000000000, 0.0000000000, 0.0000000000, 0.0000000000, 0.0000000000, 0.0000000000, UNMODULATED, 0, 0, 0 
0.4875000000, 0.4878669205, 0.0000900000, 0.0000582896, 8260000000.0000000000, 3.9648770368, 26.3015216609, 0.0030000000, angry_wolf_sas, Tx-angry_wolf_sas, Search, Staggered, 0, 0.0000000000, -0.0000000000, 110.0000000000, 0.0000000000, 0.0000000000, 0.0000000000, 0.0000000000, 0.0000000000, UNMODULATED, 0, 0, 0 
0.4905000000, 0.4908669205, 0.0000670000, 0.0000582896, 8260000000.0000000000, 3.9648769113, 26.3015216609, 0.0050000000, angry_wolf_sas, Tx-angry_wolf_sas, Search, Staggered, 0, 0.0000000000, -0.0000000000, 110.0000000000, 0.0000000000, 0.0000000000, 0.0000000000, 0.0000000000, 0.0000000000, UNMODULATED, 0, 0, 0 
0.4955000000, 0.4958669205, 0.0000800000, 0.0000582896, 8260000000.0000000000, 3.9648767023, 26.3015216609, 0.0017500000, angry_wolf_sas, Tx-angry_wolf_sas, Search, Staggered, 0, 0.0000000000, -0.0000000000, 110.0000000000, 0.0000000000, 0.0000000000, 0.0000000000, 0.0000000000, 0.0000000000, UNMODULATED, 0, 0, 0 
0.4972500000, 0.4976169205, 0.0000900000, 0.0000582896, 8260000000.0000000000, 3.9648780696, 26.3015216609, 0.0030000000, angry_wolf_sas, Tx-angry_wolf_sas, Search, Staggered, 0, 0.0000000000, -0.0000000000, 110.0000000000, 0.0000000000, 0.0000000000, 0.0000000000, 0.0000000000, 0.0000000000, UNMODULATED, 0, 0, 0 
0.5002500000, 0.5006169205, 0.0000670000, 0.0000582896, 8260000000.0000000000, 3.9648779441, 26.3015216609, 0.0050000000, angry_wolf_sas, Tx-angry_wolf_sas, Search, Staggered, 0, 0.0000000000, -0.0000000000, 110.0000000000, 0.0000000000, 0.0000000000, 0.0000000000, 0.0000000000, 0.0000000000, UNMODULATED, 0, 0, 0 
0.5052500000, 0.5056169205, 0.0000800000, 0.0000582896, 8260000000.0000000000, 3.9648777350, 26.3015216609, 0.0017500000, angry_wolf_sas, Tx-angry_wolf_sas, Search, Staggered, 0, 0.0000000000, -0.0000000000, 110.0000000000, 0.0000000000, 0.0000000000, 0.0000000000, 0.0000000000, 0.0000000000, UNMODULATED, 0, 0, 0 
0.5070000000, 0.5073669205, 0.0000900000, 0.0000582896, 8260000000.0000000000, 3.9648762214, 26.3015216609, 0.0030000000, angry_wolf_sas, Tx-angry_wolf_sas, Search, Staggered, 0, 0.0000000000, -0.0000000000, 110.0000000000, 0.0000000000, 0.0000000000, 0.0000000000, 0.0000000000, 0.0000000000, UNMODULATED, 0, 0, 0 
0.5100000000, 0.5103669205, 0.0000670000, 0.0000582896, 8260000000.0000000000, 3.9648760959, 26.3015216609, 0.0050000000, angry_wolf_sas, Tx-angry_wolf_sas, Search, Staggered, 0, 0.0000000000, -0.0000000000, 110.0000000000, 0.0000000000, 0.0000000000, 0.0000000000, 0.0000000000, 0.0000000000, UNMODULATED, 0, 0, 0 
0.5150000000, 0.5153669205, 0.0000800000, 0.0000582896, 8260000000.0000000000, 3.9648758868, 26.3015216609, 0.0017500000, angry_wolf_sas, Tx-angry_wolf_sas, Search, Staggered, 0, 0.0000000000, -0.0000000000, 110.0000000000, 0.0000000000, 0.0000000000, 0.0000000000, 0.0000000000, 0.0000000000, UNMODULATED, 0, 0, 0 
0.5167500000, 0.5171169205, 0.0000900000, 0.0000582896, 8260000000.0000000000, 3.9648773692, 26.3015216609, 0.0030000000, angry_wolf_sas, Tx-angry_wolf_sas, Search, Staggered, 0, 0.0000000000, -0.0000000000, 110.0000000000, 0.0000000000, 0.0000000000, 0.0000000000, 0.0000000000, 0.0000000000, UNMODULATED, 0, 0, 0 
0.5197500000, 0.5201169205, 0.0000670000, 0.0000582896, 8260000000.0000000000, 3.9648772438, 26.3015216609, 0.0050000000, angry_wolf_sas, Tx-angry_wolf_sas, Search, Staggered, 0, 0.0000000000, -0.0000000000, 110.0000000000, 0.0000000000, 0.0000000000, 0.0000000000, 0.0000000000, 0.0000000000, UNMODULATED, 0, 0, 0 
0.5247500000, 0.5251169205, 0.0000800000, 0.0000582896, 8260000000.0000000000, 3.9648800307, 26.3015216609, 0.0017500000, angry_wolf_sas, Tx-angry_wolf_sas, Search, Staggered, 0, 0.0000000000, -0.0000000000, 110.0000000000, 0.0000000000, 0.0000000000, 0.0000000000, 0.0000000000, 0.0000000000, UNMODULATED, 0, 0, 0 
0.5265000000, 0.5268669205, 0.0000900000, 0.0000582896, 8260000000.0000000000, 3.9648785171, 26.3015216609, 0.0030000000, angry_wolf_sas, Tx-angry_wolf_sas, Search, Staggered, 0, 0.0000000000, -0.0000000000, 110.0000000000, 0.0000000000, 0.0000000000, 0.0000000000, 0.0000000000, 0.0000000000, UNMODULATED, 0, 0, 0 
0.5295000000, 0.5298669205, 0.0000670000, 0.0000582896, 8260000000.0000000000, 3.9648783916, 26.3015216609, 0.0050000000, angry_wolf_sas, Tx-angry_wolf_sas, Search, Staggered, 0, 0.0000000000, -0.0000000000, 110.0000000000, 0.0000000000, 0.0000000000, 0.0000000000, 0.0000000000, 0.0000000000, UNMODULATED, 0, 0, 0 
0.5345000000, 0.5348669205, 0.0000800000, 0.0000582896, 8260000000.0000000000, 3.9648781825, 26.3015216609, 0.0017500000, angry_wolf_sas, Tx-angry_wolf_sas, Search, Staggered, 0, 0.0000000000, -0.0000000000, 110.0000000000, 0.0000000000, 0.0000000000, 0.0000000000, 0.0000000000, 0.0000000000, UNMODULATED, 0, 0, 0 
0.5362500000, 0.5366169205, 0.0000900000, 0.0000582896, 8260000000.0000000000, 3.9648766689, 26.3015216609, 0.0030000000, angry_wolf_sas, Tx-angry_wolf_sas, Search, Staggered, 0, 0.0000000000, -0.0000000000, 110.0000000000, 0.0000000000, 0.0000000000, 0.0000000000, 0.0000000000, 0.0000000000, UNMODULATED, 0, 0, 0 
0.5392500000, 0.5396169205, 0.0000670000, 0.0000582896, 8260000000.0000000000, 3.9648765434, 26.3015216609, 0.0050000000, angry_wolf_sas, Tx-angry_wolf_sas, Search, Staggered, 0, 0.0000000000, -0.0000000000, 110.0000000000, 0.0000000000, 0.0000000000, 0.0000000000, 0.0000000000, 0.0000000000, UNMODULATED, 0, 0, 0 
0.5442500000, 0.5446169205, 0.0000800000, 0.0000582896, 8260000000.0000000000, 3.9648763343, 26.3015216609, 0.0017500000, angry_wolf_sas, Tx-angry_wolf_sas, Search, Staggered, 0, 0.0000000000, -0.0000000000, 110.0000000000, 0.0000000000, 0.0000000000, 0.0000000000, 0.0000000000, 0.0000000000, UNMODULATED, 0, 0, 0 
0.5460000000, 0.5463669205, 0.0000900000, 0.0000582896, 8260000000.0000000000, 3.9648748207, 26.3015216609, 0.0030000000, angry_wolf_sas, Tx-angry_wolf_sas, Search, Staggered, 0, 0.0000000000, -0.0000000000, 110.0000000000, 0.0000000000, 0.0000000000, 0.0000000000, 0.0000000000, 0.0000000000, UNMODULATED, 0, 0, 0 
0.5490000000, 0.5493669205, 0.0000670000, 0.0000582896, 8260000000.0000000000, 3.9648746952, 26.3015216609, 0.0050000000, angry_wolf_sas, Tx-angry_wolf_sas, Search, Staggered, 0, 0.0000000000, -0.0000000000, 110.0000000000, 0.0000000000, 0.0000000000, 0.0000000000, 0.0000000000, 0.0000000000, UNMODULATED, 0, 0, 0 
0.5540000000, 0.5543669205, 0.0000800000, 0.0000582896, 8260000000.0000000000, 3.9648744861, 26.3015216609, 0.0017500000, angry_wolf_sas, Tx-angry_wolf_sas, Search, Staggered, 0, 0.0000000000, -0.0000000000, 110.0000000000, 0.0000000000, 0.0000000000, 0.0000000000, 0.0000000000, 0.0000000000, UNMODULATED, 0, 0, 0 
0.5557500000, 0.5561169205, 0.0000900000, 0.0000582896, 8260000000.0000000000, 3.9648789646, 26.3015216609, 0.0030000000, angry_wolf_sas, Tx-angry_wolf_sas, Search, Staggered, 0, 0.0000000000, -0.0000000000, 110.0000000000, 0.0000000000, 0.0000000000, 0.0000000000, 0.0000000000, 0.0000000000, UNMODULATED, 0, 0, 0 
0.5587500000, 0.5591169205, 0.0000670000, 0.0000582896, 8260000000.0000000000, 3.9648788391, 26.3015216609, 0.0050000000, angry_wolf_sas, Tx-angry_wolf_sas, Search, Staggered, 0, 0.0000000000, -0.0000000000, 110.0000000000, 0.0000000000, 0.0000000000, 0.0000000000, 0.0000000000, 0.0000000000, UNMODULATED, 0, 0, 0 
0.5637500000, 0.5641169205, 0.0000800000, 0.0000582896, 8260000000.0000000000, 3.9648786300, 26.3015216609, 0.0017500000, angry_wolf_sas, Tx-angry_wolf_sas, Search, Staggered, 0, 0.0000000000, -0.0000000000, 110.0000000000, 0.0000000000, 0.0000000000, 0.0000000000, 0.0000000000, 0.0000000000, UNMODULATED, 0, 0, 0 
0.5655000000, 0.5658669205, 0.0000900000, 0.0000582896, 8260000000.0000000000, 3.9648771164, 26.3015216609, 0.0030000000, angry_wolf_sas, Tx-angry_wolf_sas, Search, Staggered, 0, 0.0000000000, -0.0000000000, 110.0000000000, 0.0000000000, 0.0000000000, 0.0000000000, 0.0000000000, 0.0000000000, UNMODULATED, 0, 0, 0 
0.5685000000, 0.5688669205, 0.0000670000, 0.0000582896, 8260000000.0000000000, 3.9648769909, 26.3015216609, 0.0050000000, angry_wolf_sas, Tx-angry_wolf_sas, Search, Staggered, 0, 0.0000000000, -0.0000000000, 110.0000000000, 0.0000000000, 0.0000000000, 0.0000000000, 0.0000000000, 0.0000000000, UNMODULATED, 0, 0, 0 
0.5735000000, 0.5738669205, 0.0000800000, 0.0000582896, 8260000000.0000000000, 3.9648767818, 26.3015216609, 0.0017500000, angry_wolf_sas, Tx-angry_wolf_sas, Search, Staggered, 0, 0.0000000000, -0.0000000000, 110.0000000000, 0.0000000000, 0.0000000000, 0.0000000000, 0.0000000000, 0.0000000000, UNMODULATED, 0, 0, 0 
0.5752500000, 0.5756169205, 0.0000900000, 0.0000582896, 8260000000.0000000000, 3.9648752682, 26.3015216609, 0.0030000000, angry_wolf_sas, Tx-angry_wolf_sas, Search, Staggered, 0, 0.0000000000, -0.0000000000, 110.0000000000, 0.0000000000, 0.0000000000, 0.0000000000, 0.0000000000, 0.0000000000, UNMODULATED, 0, 0, 0 
0.5782500000, 0.5786169205, 0.0000670000, 0.0000582896, 8260000000.0000000000, 3.9648751427, 26.3015216609, 0.0050000000, angry_wolf_sas, Tx-angry_wolf_sas, Search, Staggered, 0, 0.0000000000, -0.0000000000, 110.0000000000, 0.0000000000, 0.0000000000, 0.0000000000, 0.0000000000, 0.0000000000, UNMODULATED, 0, 0, 0 
0.5832500000, 0.5836169205, 0.0000800000, 0.0000582896, 8260000000.0000000000, 3.9648749336, 26.3015216609, 0.0017500000, angry_wolf_sas, Tx-angry_wolf_sas, Search, Staggered, 0, 0.0000000000, -0.0000000000, 110.0000000000, 0.0000000000, 0.0000000000, 0.0000000000, 0.0000000000, 0.0000000000, UNMODULATED, 0, 0, 0 
0.5850000000, 0.5853669205, 0.0000900000, 0.0000582896, 8260000000.0000000000, -2.3183058951, 26.3015216609, 0.0030000000, angry_wolf_sas, Tx-angry_wolf_sas, Search, Staggered, 0, 0.0000000000, -0.0000000000, 110.0000000000, 0.0000000000, 0.0000000000, 0.0000000000, 0.0000000000, 0.0000000000, UNMODULATED, 0, 0, 0 
0.5880000000, 0.5883669205, 0.0000670000, 0.0000582896, 8260000000.0000000000, -2.3183060206, 26.3015216609, 0.0050000000, angry_wolf_sas, Tx-angry_wolf_sas, Search, Staggered, 0, 0.0000000000, -0.0000000000, 110.0000000000, 0.0000000000, 0.0000000000, 0.0000000000, 0.0000000000, 0.0000000000, UNMODULATED, 0, 0, 0 
0.5930000000, 0.5933669205, 0.0000800000, 0.0000582896, 8260000000.0000000000, -2.3183062296, 26.3015216609, 0.0017500000, angry_wolf_sas, Tx-angry_wolf_sas, Search, Staggered, 0, 0.0000000000, -0.0000000000, 110.0000000000, 0.0000000000, 0.0000000000, 0.0000000000, 0.0000000000, 0.0000000000, UNMODULATED, 0, 0, 0 
0.5947500000, 0.5951169205, 0.0000900000, 0.0000582896, 8260000000.0000000000, -2.3183077433, 26.3015216609, 0.0030000000, angry_wolf_sas, Tx-angry_wolf_sas, Search, Staggered, 0, 0.0000000000, -0.0000000000, 110.0000000000, 0.0000000000, 0.0000000000, 0.0000000000, 0.0000000000, 0.0000000000, UNMODULATED, 0, 0, 0 
0.5977500000, 0.5981169205, 0.0000670000, 0.0000582896, 8260000000.0000000000, -2.3183078688, 26.3015216609, 0.0050000000, angry_wolf_sas, Tx-angry_wolf_sas, Search, Staggered, 0, 0.0000000000, -0.0000000000, 110.0000000000, 0.0000000000, 0.0000000000, 0.0000000000, 0.0000000000, 0.0000000000, UNMODULATED, 0, 0, 0 
0.6027500000, 0.6031169205, 0.0000800000, 0.0000582896, 8260000000.0000000000, -2.3183080778, 26.3015216609, 0.0017500000, angry_wolf_sas, Tx-angry_wolf_sas, Search, Staggered, 0, 0.0000000000, -0.0000000000, 110.0000000000, 0.0000000000, 0.0000000000, 0.0000000000, 0.0000000000, 0.0000000000, UNMODULATED, 0, 0, 0 
0.6045000000, 0.6048669205, 0.0000900000, 0.0000582896, 8260000000.0000000000, -2.3183095915, 26.3015216609, 0.0030000000, angry_wolf_sas, Tx-angry_wolf_sas, Search, Staggered, 0, 0.0000000000, -0.0000000000, 110.0000000000, 0.0000000000, 0.0000000000, 0.0000000000, 0.0000000000, 0.0000000000, UNMODULATED, 0, 0, 0 
0.6075000000, 0.6078669205, 0.0000670000, 0.0000582896, 8260000000.0000000000, -2.3183097170, 26.3015216609, 0.0050000000, angry_wolf_sas, Tx-angry_wolf_sas, Search, Staggered, 0, 0.0000000000, -0.0000000000, 110.0000000000, 0.0000000000, 0.0000000000, 0.0000000000, 0.0000000000, 0.0000000000, UNMODULATED, 0, 0, 0 
0.6125000000, 0.6128669205, 0.0000800000, 0.0000582896, 8260000000.0000000000, -2.3183099261, 26.3015216609, 0.0017500000, angry_wolf_sas, Tx-angry_wolf_sas, Search, Staggered, 0, 0.0000000000, -0.0000000000, 110.0000000000, 0.0000000000, 0.0000000000, 0.0000000000, 0.0000000000, 0.0000000000, UNMODULATED, 0, 0, 0 
0.6142500000, 0.6146169205, 0.0000900000, 0.0000582896, 8260000000.0000000000, -2.3183054476, 26.3015216609, 0.0030000000, angry_wolf_sas, Tx-angry_wolf_sas, Search, Staggered, 0, 0.0000000000, -0.0000000000, 110.0000000000, 0.0000000000, 0.0000000000, 0.0000000000, 0.0000000000, 0.0000000000, UNMODULATED, 0, 0, 0 
0.6172500000, 0.6176169205, 0.0000670000, 0.0000582896, 8260000000.0000000000, -2.3183055731, 26.3015216609, 0.0050000000, angry_wolf_sas, Tx-angry_wolf_sas, Search, Staggered, 0, 0.0000000000, -0.0000000000, 110.0000000000, 0.0000000000, 0.0000000000, 0.0000000000, 0.0000000000, 0.0000000000, UNMODULATED, 0, 0, 0 
0.6222500000, 0.6226169205, 0.0000800000, 0.0000582896, 8260000000.0000000000, -2.3183057821, 26.3015216609, 0.0017500000, angry_wolf_sas, Tx-angry_wolf_sas, Search, Staggered, 0, 0.0000000000, -0.0000000000, 110.0000000000, 0.0000000000, 0.0000000000, 0.0000000000, 0.0000000000, 0.0000000000, UNMODULATED, 0, 0, 0 
0.6240000000, 0.6243669205, 0.0000900000, 0.0000582896, 8260000000.0000000000, -2.3183075260, 26.3015216609, 0.0030000000, angry_wolf_sas, Tx-angry_wolf_sas, Search, Staggered, 0, 0.0000000000, -0.0000000000, 110.0000000000, 0.0000000000, 0.0000000000, 0.0000000000, 0.0000000000, 0.0000000000, UNMODULATED, 0, 0, 0 
0.6270000000, 0.6273669205, 0.0000670000, 0.0000582896, 8260000000.0000000000, -2.3183076514, 26.3015216609, 0.0050000000, angry_wolf_sas, Tx-angry_wolf_sas, Search, Staggered, 0, 0.0000000000, -0.0000000000, 110.0000000000, 0.0000000000, 0.0000000000, 0.0000000000, 0.0000000000, 0.0000000000, UNMODULATED, 0, 0, 0 
0.6320000000, 0.6323669205, 0.0000800000, 0.0000582896, 8260000000.0000000000, -2.3183078605, 26.3015216609, 0.0017500000, angry_wolf_sas, Tx-angry_wolf_sas, Search, Staggered, 0, 0.0000000000, -0.0000000000, 110.0000000000, 0.0000000000, 0.0000000000, 0.0000000000, 0.0000000000, 0.0000000000, UNMODULATED, 0, 0, 0 
0.6337500000, 0.6341169205, 0.0000900000, 0.0000582896, 8260000000.0000000000, -2.3183091440, 26.3015216609, 0.0030000000, angry_wolf_sas, Tx-angry_wolf_sas, Search, Staggered, 0, 0.0000000000, -0.0000000000, 110.0000000000, 0.0000000000, 0.0000000000, 0.0000000000, 0.0000000000, 0.0000000000, UNMODULATED, 0, 0, 0 
0.6367500000, 0.6371169205, 0.0000670000, 0.0000582896, 8260000000.0000000000, -2.3183092695, 26.3015216609, 0.0050000000, angry_wolf_sas, Tx-angry_wolf_sas, Search, Staggered, 0, 0.0000000000, -0.0000000000, 110.0000000000, 0.0000000000, 0.0000000000, 0.0000000000, 0.0000000000, 0.0000000000, UNMODULATED, 0, 0, 0 
0.6417500000, 0.6421169205, 0.0000800000, 0.0000582896, 8260000000.0000000000, -2.3183094786, 26.3015216609, 0.0017500000, angry_wolf_sas, Tx-angry_wolf_sas, Search, Staggered, 0, 0.0000000000, -0.0000000000, 110.0000000000, 0.0000000000, 0.0000000000, 0.0000000000, 0.0000000000, 0.0000000000, UNMODULATED, 0, 0, 0 
0.6435000000, 0.6438669205, 0.0000900000, 0.0000582896, 8260000000.0000000000, -2.3183050001, 26.3015216609, 0.0030000000, angry_wolf_sas, Tx-angry_wolf_sas, Search, Staggered, 0, 0.0000000000, -0.0000000000, 110.0000000000, 0.0000000000, 0.0000000000, 0.0000000000, 0.0000000000, 0.0000000000, UNMODULATED, 0, 0, 0 
0.6465000000, 0.6468669205, 0.0000670000, 0.0000582896, 8260000000.0000000000, -2.3183051256, 26.3015216609, 0.0050000000, angry_wolf_sas, Tx-angry_wolf_sas, Search, Staggered, 0, 0.0000000000, -0.0000000000, 110.0000000000, 0.0000000000, 0.0000000000, 0.0000000000, 0.0000000000, 0.0000000000, UNMODULATED, 0, 0, 0 
0.6515000000, 0.6518669205, 0.0000800000, 0.0000582896, 8260000000.0000000000, -2.3183053346, 26.3015216609, 0.0017500000, angry_wolf_sas, Tx-angry_wolf_sas, Search, Staggered, 0, 0.0000000000, -0.0000000000, 110.0000000000, 0.0000000000, 0.0000000000, 0.0000000000, 0.0000000000, 0.0000000000, UNMODULATED, 0, 0, 0 
0.6532500000, 0.6536169205, 0.0000900000, 0.0000582896, 8260000000.0000000000, -2.3183068483, 26.3015216609, 0.0030000000, angry_wolf_sas, Tx-angry_wolf_sas, Search, Staggered, 0, 0.0000000000, -0.0000000000, 110.0000000000, 0.0000000000, 0.0000000000, 0.0000000000, 0.0000000000, 0.0000000000, UNMODULATED, 0, 0, 0 
0.6562500000, 0.6566169205, 0.0000670000, 0.0000582896, 8260000000.0000000000, -2.3183069738, 26.3015216609, 0.0050000000, angry_wolf_sas, Tx-angry_wolf_sas, Search, Staggered, 0, 0.0000000000, -0.0000000000, 110.0000000000, 0.0000000000, 0.0000000000, 0.0000000000, 0.0000000000, 0.0000000000, UNMODULATED, 0, 0, 0 
0.6612500000, 0.6616169205, 0.0000800000, 0.0000582896, 8260000000.0000000000, -2.3183071828, 26.3015216609, 0.0017500000, angry_wolf_sas, Tx-angry_wolf_sas, Search, Staggered, 0, 0.0000000000, -0.0000000000, 110.0000000000, 0.0000000000, 0.0000000000, 0.0000000000, 0.0000000000, 0.0000000000, UNMODULATED, 0, 0, 0 
0.6630000000, 0.6633669205, 0.0000900000, 0.0000582896, 8260000000.0000000000, -2.3183091568, 26.3015216609, 0.0030000000, angry_wolf_sas, Tx-angry_wolf_sas, Search, Staggered, 0, 0.0000000000, -0.0000000000, 110.0000000000, 0.0000000000, 0.0000000000, 0.0000000000, 0.0000000000, 0.0000000000, UNMODULATED, 0, 0, 0 
0.6660000000, 0.6663669205, 0.0000670000, 0.0000582896, 8260000000.0000000000, -2.3183092823, 26.3015216609, 0.0050000000, angry_wolf_sas, Tx-angry_wolf_sas, Search, Staggered, 0, 0.0000000000, -0.0000000000, 110.0000000000, 0.0000000000, 0.0000000000, 0.0000000000, 0.0000000000, 0.0000000000, UNMODULATED, 0, 0, 0 
0.6710000000, 0.6713669205, 0.0000800000, 0.0000582896, 8260000000.0000000000, -2.3183094914, 26.3015216609, 0.0017500000, angry_wolf_sas, Tx-angry_wolf_sas, Search, Staggered, 0, 0.0000000000, -0.0000000000, 110.0000000000, 0.0000000000, 0.0000000000, 0.0000000000, 0.0000000000, 0.0000000000, UNMODULATED, 0, 0, 0 
0.6727500000, 0.6731169205, 0.0000900000, 0.0000582896, 8260000000.0000000000, -2.3183045526, 26.3015216609, 0.0030000000, angry_wolf_sas, Tx-angry_wolf_sas, Search, Staggered, 0, 0.0000000000, -0.0000000000, 110.0000000000, 0.0000000000, 0.0000000000, 0.0000000000, 0.0000000000, 0.0000000000, UNMODULATED, 0, 0, 0 
0.6757500000, 0.6761169205, 0.0000670000, 0.0000582896, 8260000000.0000000000, -2.3183046781, 26.3015216609, 0.0050000000, angry_wolf_sas, Tx-angry_wolf_sas, Search, Staggered, 0, 0.0000000000, -0.0000000000, 110.0000000000, 0.0000000000, 0.0000000000, 0.0000000000, 0.0000000000, 0.0000000000, UNMODULATED, 0, 0, 0 
0.6807500000, 0.6811169205, 0.0000800000, 0.0000582896, 8260000000.0000000000, -2.3183048871, 26.3015216609, 0.0017500000, angry_wolf_sas, Tx-angry_wolf_sas, Search, Staggered, 0, 0.0000000000, -0.0000000000, 110.0000000000, 0.0000000000, 0.0000000000, 0.0000000000, 0.0000000000, 0.0000000000, UNMODULATED, 0, 0, 0 
0.6825000000, 0.6828669205, 0.0000900000, 0.0000582896, 8260000000.0000000000, -2.3183064008, 26.3015216609, 0.0030000000, angry_wolf_sas, Tx-angry_wolf_sas, Search, Staggered, 0, 0.0000000000, -0.0000000000, 110.0000000000, 0.0000000000, 0.0000000000, 0.0000000000, 0.0000000000, 0.0000000000, UNMODULATED, 0, 0, 0 
0.6855000000, 0.6858669205, 0.0000670000, 0.0000582896, 8260000000.0000000000, -2.3183065263, 26.3015216609, 0.0050000000, angry_wolf_sas, Tx-angry_wolf_sas, Search, Staggered, 0, 0.0000000000, -0.0000000000, 110.0000000000, 0.0000000000, 0.0000000000, 0.0000000000, 0.0000000000, 0.0000000000, UNMODULATED, 0, 0, 0 
0.6905000000, 0.6908669205, 0.0000800000, 0.0000582896, 8260000000.0000000000, -2.3183067354, 26.3015216609, 0.0017500000, angry_wolf_sas, Tx-angry_wolf_sas, Search, Staggered, 0, 0.0000000000, -0.0000000000, 110.0000000000, 0.0000000000, 0.0000000000, 0.0000000000, 0.0000000000, 0.0000000000, UNMODULATED, 0, 0, 0 
0.6922500000, 0.6926169205, 0.0000900000, 0.0000582896, 8260000000.0000000000, -2.3183082490, 26.3015216609, 0.0030000000, angry_wolf_sas, Tx-angry_wolf_sas, Search, Staggered, 0, 0.0000000000, -0.0000000000, 110.0000000000, 0.0000000000, 0.0000000000, 0.0000000000, 0.0000000000, 0.0000000000, UNMODULATED, 0, 0, 0 
0.6952500000, 0.6956169205, 0.0000670000, 0.0000582896, 8260000000.0000000000, -2.3183083745, 26.3015216609, 0.0050000000, angry_wolf_sas, Tx-angry_wolf_sas, Search, Staggered, 0, 0.0000000000, -0.0000000000, 110.0000000000, 0.0000000000, 0.0000000000, 0.0000000000, 0.0000000000, 0.0000000000, UNMODULATED, 0, 0, 0 
0.7002500000, 0.7006169205, 0.0000800000, 0.0000582896, 8260000000.0000000000, -2.3183085836, 26.3015216609, 0.0017500000, angry_wolf_sas, Tx-angry_wolf_sas, Search, Staggered, 0, 0.0000000000, -0.0000000000, 110.0000000000, 0.0000000000, 0.0000000000, 0.0000000000, 0.0000000000, 0.0000000000, UNMODULATED, 0, 0, 0 
0.7020000000, 0.7023669205, 0.0000900000, 0.0000582896, 8260000000.0000000000, -2.3183107877, 26.3015216609, 0.0030000000, angry_wolf_sas, Tx-angry_wolf_sas, Search, Staggered, 0, 0.0000000000, -0.0000000000, 110.0000000000, 0.0000000000, 0.0000000000, 0.0000000000, 0.0000000000, 0.0000000000, UNMODULATED, 0, 0, 0 
0.7050000000, 0.7053669205, 0.0000670000, 0.0000582896, 8260000000.0000000000, -2.3183051512, 26.3015216609, 0.0050000000, angry_wolf_sas, Tx-angry_wolf_sas, Search, Staggered, 0, 0.0000000000, -0.0000000000, 110.0000000000, 0.0000000000, 0.0000000000, 0.0000000000, 0.0000000000, 0.0000000000, UNMODULATED, 0, 0, 0 
0.7100000000, 0.7103669205, 0.0000800000, 0.0000582896, 8260000000.0000000000, -2.3183053603, 26.3015216609, 0.0017500000, angry_wolf_sas, Tx-angry_wolf_sas, Search, Staggered, 0, 0.0000000000, -0.0000000000, 110.0000000000, 0.0000000000, 0.0000000000, 0.0000000000, 0.0000000000, 0.0000000000, UNMODULATED, 0, 0, 0 
0.7117500000, 0.7121169205, 0.0000900000, 0.0000582896, 8260000000.0000000000, -2.3183059533, 26.3015216609, 0.0030000000, angry_wolf_sas, Tx-angry_wolf_sas, Search, Staggered, 0, 0.0000000000, -0.0000000000, 110.0000000000, 0.0000000000, 0.0000000000, 0.0000000000, 0.0000000000, 0.0000000000, UNMODULATED, 0, 0, 0 
0.7147500000, 0.7151169205, 0.0000670000, 0.0000582896, 8260000000.0000000000, -2.3183060788, 26.3015216609, 0.0050000000, angry_wolf_sas, Tx-angry_wolf_sas, Search, Staggered, 0, 0.0000000000, -0.0000000000, 110.0000000000, 0.0000000000, 0.0000000000, 0.0000000000, 0.0000000000, 0.0000000000, UNMODULATED, 0, 0, 0 
0.7197500000, 0.7201169205, 0.0000800000, 0.0000582896, 8260000000.0000000000, -2.3183062879, 26.3015216609, 0.0017500000, angry_wolf_sas, Tx-angry_wolf_sas, Search, Staggered, 0, 0.0000000000, -0.0000000000, 110.0000000000, 0.0000000000, 0.0000000000, 0.0000000000, 0.0000000000, 0.0000000000, UNMODULATED, 0, 0, 0 
0.7215000000, 0.7218669205, 0.0000900000, 0.0000582896, 8260000000.0000000000, -2.3183078015, 26.3015216609, 0.0030000000, angry_wolf_sas, Tx-angry_wolf_sas, Search, Staggered, 0, 0.0000000000, -0.0000000000, 110.0000000000, 0.0000000000, 0.0000000000, 0.0000000000, 0.0000000000, 0.0000000000, UNMODULATED, 0, 0, 0 
0.7245000000, 0.7248669205, 0.0000670000, 0.0000582896, 8260000000.0000000000, -2.3183079270, 26.3015216609, 0.0050000000, angry_wolf_sas, Tx-angry_wolf_sas, Search, Staggered, 0, 0.0000000000, -0.0000000000, 110.0000000000, 0.0000000000, 0.0000000000, 0.0000000000, 0.0000000000, 0.0000000000, UNMODULATED, 0, 0, 0 
0.7295000000, 0.7298669205, 0.0000800000, 0.0000582896, 8260000000.0000000000, -2.3183081361, 26.3015216609, 0.0017500000, angry_wolf_sas, Tx-angry_wolf_sas, Search, Staggered, 0, 0.0000000000, -0.0000000000, 110.0000000000, 0.0000000000, 0.0000000000, 0.0000000000, 0.0000000000, 0.0000000000, UNMODULATED, 0, 0, 0 
0.7312500000, 0.7316169205, 0.0000900000, 0.0000582896, 8260000000.0000000000, -2.3183096497, 26.3015216609, 0.0030000000, angry_wolf_sas, Tx-angry_wolf_sas, Search, Staggered, 0, 0.0000000000, -0.0000000000, 110.0000000000, 0.0000000000, 0.0000000000, 0.0000000000, 0.0000000000, 0.0000000000, UNMODULATED, 0, 0, 0 
0.7342500000, 0.7346169205, 0.0000670000, 0.0000582896, 8260000000.0000000000, -2.3183097752, 26.3015216609, 0.0050000000, angry_wolf_sas, Tx-angry_wolf_sas, Search, Staggered, 0, 0.0000000000, -0.0000000000, 110.0000000000, 0.0000000000, 0.0000000000, 0.0000000000, 0.0000000000, 0.0000000000, UNMODULATED, 0, 0, 0 
0.7392500000, 0.7396169205, 0.0000800000, 0.0000582896, 8260000000.0000000000, -2.3183099843, 26.3015216609, 0.0017500000, angry_wolf_sas, Tx-angry_wolf_sas, Search, Staggered, 0, 0.0000000000, -0.0000000000, 110.0000000000, 0.0000000000, 0.0000000000, 0.0000000000, 0.0000000000, 0.0000000000, UNMODULATED, 0, 0, 0 
0.7410000000, 0.7413669205, 0.0000900000, 0.0000582896, 8260000000.0000000000, -2.3183066566, 26.3015216609, 0.0030000000, angry_wolf_sas, Tx-angry_wolf_sas, Search, Staggered, 0, 0.0000000000, -0.0000000000, 110.0000000000, 0.0000000000, 0.0000000000, 0.0000000000, 0.0000000000, 0.0000000000, UNMODULATED, 0, 0, 0 
0.7440000000, 0.7443669205, 0.0000670000, 0.0000582896, 8260000000.0000000000, -2.3183067820, 26.3015216609, 0.0050000000, angry_wolf_sas, Tx-angry_wolf_sas, Search, Staggered, 0, 0.0000000000, -0.0000000000, 110.0000000000, 0.0000000000, 0.0000000000, 0.0000000000, 0.0000000000, 0.0000000000, UNMODULATED, 0, 0, 0 
0.7490000000, 0.7493669205, 0.0000800000, 0.0000582896, 8260000000.0000000000, -2.3183069911, 26.3015216609, 0.0017500000, angry_wolf_sas, Tx-angry_wolf_sas, Search, Staggered, 0, 0.0000000000, -0.0000000000, 110.0000000000, 0.0000000000, 0.0000000000, 0.0000000000, 0.0000000000, 0.0000000000, UNMODULATED, 0, 0, 0 
0.7507500000, 0.7511169205, 0.0000900000, 0.0000582896, 8260000000.0000000000, -2.3183073540, 26.3015216609, 0.0030000000, angry_wolf_sas, Tx-angry_wolf_sas, Search, Staggered, 0, 0.0000000000, -0.0000000000, 110.0000000000, 0.0000000000, 0.0000000000, 0.0000000000, 0.0000000000, 0.0000000000, UNMODULATED, 0, 0, 0 
0.7537500000, 0.7541169205, 0.0000670000, 0.0000582896, 8260000000.0000000000, -2.3183074795, 26.3015216609, 0.0050000000, angry_wolf_sas, Tx-angry_wolf_sas, Search, Staggered, 0, 0.0000000000, -0.0000000000, 110.0000000000, 0.0000000000, 0.0000000000, 0.0000000000, 0.0000000000, 0.0000000000, UNMODULATED, 0, 0, 0 
0.7587500000, 0.7591169205, 0.0000800000, 0.0000582896, 8260000000.0000000000, -2.3183076886, 26.3015216609, 0.0017500000, angry_wolf_sas, Tx-angry_wolf_sas, Search, Staggered, 0, 0.0000000000, -0.0000000000, 110.0000000000, 0.0000000000, 0.0000000000, 0.0000000000, 0.0000000000, 0.0000000000, UNMODULATED, 0, 0, 0 
0.7605000000, 0.7608669205, 0.0000900000, 0.0000582896, 8260000000.0000000000, -2.3183092022, 26.3015216609, 0.0030000000, angry_wolf_sas, Tx-angry_wolf_sas, Search, Staggered, 0, 0.0000000000, -0.0000000000, 110.0000000000, 0.0000000000, 0.0000000000, 0.0000000000, 0.0000000000, 0.0000000000, UNMODULATED, 0, 0, 0 
0.7635000000, 0.7638669205, 0.0000670000, 0.0000582896, 8260000000.0000000000, -2.3183093277, 26.3015216609, 0.0050000000, angry_wolf_sas, Tx-angry_wolf_sas, Search, Staggered, 0, 0.0000000000, -0.0000000000, 110.0000000000, 0.0000000000, 0.0000000000, 0.0000000000, 0.0000000000, 0.0000000000, UNMODULATED, 0, 0, 0 
0.7685000000, 0.7688669205, 0.0000800000, 0.0000582896, 8260000000.0000000000, -2.3183095368, 26.3015216609, 0.0017500000, angry_wolf_sas, Tx-angry_wolf_sas, Search, Staggered, 0, 0.0000000000, -0.0000000000, 110.0000000000, 0.0000000000, 0.0000000000, 0.0000000000, 0.0000000000, 0.0000000000, UNMODULATED, 0, 0, 0 
0.7702500000, 0.7706169205, 0.0000900000, 0.0000582896, 8260000000.0000000000, -2.3183050583, 26.3015216609, 0.0030000000, angry_wolf_sas, Tx-angry_wolf_sas, Search, Staggered, 0, 0.0000000000, -0.0000000000, 110.0000000000, 0.0000000000, 0.0000000000, 0.0000000000, 0.0000000000, 0.0000000000, UNMODULATED, 0, 0, 0 
0.7732500000, 0.7736169205, 0.0000670000, 0.0000582896, 8260000000.0000000000, -2.3183051838, 26.3015216609, 0.0050000000, angry_wolf_sas, Tx-angry_wolf_sas, Search, Staggered, 0, 0.0000000000, -0.0000000000, 110.0000000000, 0.0000000000, 0.0000000000, 0.0000000000, 0.0000000000, 0.0000000000, UNMODULATED, 0, 0, 0 
0.7782500000, 0.7786169205, 0.0000800000, 0.0000582896, 8260000000.0000000000, -2.3183053929, 26.3015216609, 0.0017500000, angry_wolf_sas, Tx-angry_wolf_sas, Search, Staggered, 0, 0.0000000000, -0.0000000000, 110.0000000000, 0.0000000000, 0.0000000000, 0.0000000000, 0.0000000000, 0.0000000000, UNMODULATED, 0, 0, 0 
0.7800000000, 0.7803669205, 0.0000900000, 0.0000582896, 8260000000.0000000000, -2.3183082874, 26.3015216609, 0.0030000000, angry_wolf_sas, Tx-angry_wolf_sas, Search, Staggered, 0, 0.0000000000, -0.0000000000, 110.0000000000, 0.0000000000, 0.0000000000, 0.0000000000, 0.0000000000, 0.0000000000, UNMODULATED, 0, 0, 0 
0.7830000000, 0.7833669205, 0.0000670000, 0.0000582896, 8260000000.0000000000, -2.3183084129, 26.3015216609, 0.0050000000, angry_wolf_sas, Tx-angry_wolf_sas, Search, Staggered, 0, 0.0000000000, -0.0000000000, 110.0000000000, 0.0000000000, 0.0000000000, 0.0000000000, 0.0000000000, 0.0000000000, UNMODULATED, 0, 0, 0 
0.7880000000, 0.7883669205, 0.0000800000, 0.0000582896, 8260000000.0000000000, -2.3183086220, 26.3015216609, 0.0017500000, angry_wolf_sas, Tx-angry_wolf_sas, Search, Staggered, 0, 0.0000000000, -0.0000000000, 110.0000000000, 0.0000000000, 0.0000000000, 0.0000000000, 0.0000000000, 0.0000000000, UNMODULATED, 0, 0, 0 
0.7897500000, 0.7901169205, 0.0000900000, 0.0000582896, 8260000000.0000000000, -2.3183087547, 26.3015216609, 0.0030000000, angry_wolf_sas, Tx-angry_wolf_sas, Search, Staggered, 0, 0.0000000000, -0.0000000000, 110.0000000000, 0.0000000000, 0.0000000000, 0.0000000000, 0.0000000000, 0.0000000000, UNMODULATED, 0, 0, 0 
0.7927500000, 0.7931169205, 0.0000670000, 0.0000582896, 8260000000.0000000000, -2.3183088802, 26.3015216609, 0.0050000000, angry_wolf_sas, Tx-angry_wolf_sas, Search, Staggered, 0, 0.0000000000, -0.0000000000, 110.0000000000, 0.0000000000, 0.0000000000, 0.0000000000, 0.0000000000, 0.0000000000, UNMODULATED, 0, 0, 0 
0.7977500000, 0.7981169205, 0.0000800000, 0.0000582896, 8260000000.0000000000, -2.3183090893, 26.3015216609, 0.0017500000, angry_wolf_sas, Tx-angry_wolf_sas, Search, Staggered, 0, 0.0000000000, -0.0000000000, 110.0000000000, 0.0000000000, 0.0000000000, 0.0000000000, 0.0000000000, 0.0000000000, UNMODULATED, 0, 0, 0 
0.7995000000, 0.7998669205, 0.0000900000, 0.0000582896, 8260000000.0000000000, -2.3183046108, 26.3015216609, 0.0030000000, angry_wolf_sas, Tx-angry_wolf_sas, Search, Staggered, 0, 0.0000000000, -0.0000000000, 110.0000000000, 0.0000000000, 0.0000000000, 0.0000000000, 0.0000000000, 0.0000000000, UNMODULATED, 0, 0, 0 
0.8025000000, 0.8028669205, 0.0000670000, 0.0000582896, 8260000000.0000000000, -2.3183047363, 26.3015216609, 0.0050000000, angry_wolf_sas, Tx-angry_wolf_sas, Search, Staggered, 0, 0.0000000000, -0.0000000000, 110.0000000000, 0.0000000000, 0.0000000000, 0.0000000000, 0.0000000000, 0.0000000000, UNMODULATED, 0, 0, 0 
0.8075000000, 0.8078669205, 0.0000800000, 0.0000582896, 8260000000.0000000000, -2.3183049454, 26.3015216609, 0.0017500000, angry_wolf_sas, Tx-angry_wolf_sas, Search, Staggered, 0, 0.0000000000, -0.0000000000, 110.0000000000, 0.0000000000, 0.0000000000, 0.0000000000, 0.0000000000, 0.0000000000, UNMODULATED, 0, 0, 0 
0.8092500000, 0.8096169205, 0.0000900000, 0.0000582896, 8260000000.0000000000, -2.3183064590, 26.3015216609, 0.0030000000, angry_wolf_sas, Tx-angry_wolf_sas, Search, Staggered, 0, 0.0000000000, -0.0000000000, 110.0000000000, 0.0000000000, 0.0000000000, 0.0000000000, 0.0000000000, 0.0000000000, UNMODULATED, 0, 0, 0 
0.8122500000, 0.8126169205, 0.0000670000, 0.0000582896, 8260000000.0000000000, -2.3183065845, 26.3015216609, 0.0050000000, angry_wolf_sas, Tx-angry_wolf_sas, Search, Staggered, 0, 0.0000000000, -0.0000000000, 110.0000000000, 0.0000000000, 0.0000000000, 0.0000000000, 0.0000000000, 0.0000000000, UNMODULATED, 0, 0, 0 
0.8172500000, 0.8176169205, 0.0000800000, 0.0000582896, 8260000000.0000000000, -2.3183067936, 26.3015216609, 0.0017500000, angry_wolf_sas, Tx-angry_wolf_sas, Search, Staggered, 0, 0.0000000000, -0.0000000000, 110.0000000000, 0.0000000000, 0.0000000000, 0.0000000000, 0.0000000000, 0.0000000000, UNMODULATED, 0, 0, 0 
0.8190000000, 0.8193669205, 0.0000900000, 0.0000582896, 8260000000.0000000000, -2.3183099183, 26.3015216609, 0.0030000000, angry_wolf_sas, Tx-angry_wolf_sas, Search, Staggered, 0, 0.0000000000, -0.0000000000, 110.0000000000, 0.0000000000, 0.0000000000, 0.0000000000, 0.0000000000, 0.0000000000, UNMODULATED, 0, 0, 0 
0.8220000000, 0.8223669205, 0.0000670000, 0.0000582896, 8260000000.0000000000, -2.3183100438, 26.3015216609, 0.0050000000, angry_wolf_sas, Tx-angry_wolf_sas, Search, Staggered, 0, 0.0000000000, -0.0000000000, 110.0000000000, 0.0000000000, 0.0000000000, 0.0000000000, 0.0000000000, 0.0000000000, UNMODULATED, 0, 0, 0 
0.8270000000, 0.8273669205, 0.0000800000, 0.0000582896, 8260000000.0000000000, -2.3183102528, 26.3015216609, 0.0017500000, angry_wolf_sas, Tx-angry_wolf_sas, Search, Staggered, 0, 0.0000000000, -0.0000000000, 110.0000000000, 0.0000000000, 0.0000000000, 0.0000000000, 0.0000000000, 0.0000000000, UNMODULATED, 0, 0, 0 
0.8287500000, 0.8291169205, 0.0000900000, 0.0000582896, 8260000000.0000000000, -2.3183041633, 26.3015216609, 0.0030000000, angry_wolf_sas, Tx-angry_wolf_sas, Search, Staggered, 0, 0.0000000000, -0.0000000000, 110.0000000000, 0.0000000000, 0.0000000000, 0.0000000000, 0.0000000000, 0.0000000000, UNMODULATED, 0, 0, 0 
0.8317500000, 0.8321169205, 0.0000670000, 0.0000582896, 8260000000.0000000000, -2.3183042888, 26.3015216609, 0.0050000000, angry_wolf_sas, Tx-angry_wolf_sas, Search, Staggered, 0, 0.0000000000, -0.0000000000, 110.0000000000, 0.0000000000, 0.0000000000, 0.0000000000, 0.0000000000, 0.0000000000, UNMODULATED, 0, 0, 0 
0.8367500000, 0.8371169205, 0.0000800000, 0.0000582896, 8260000000.0000000000, -2.3183044979, 26.3015216609, 0.0017500000, angry_wolf_sas, Tx-angry_wolf_sas, Search, Staggered, 0, 0.0000000000, -0.0000000000, 110.0000000000, 0.0000000000, 0.0000000000, 0.0000000000, 0.0000000000, 0.0000000000, UNMODULATED, 0, 0, 0 
0.8385000000, 0.8388669205, 0.0000900000, 0.0000582896, 8260000000.0000000000, -2.3183060115, 26.3015216609, 0.0030000000, angry_wolf_sas, Tx-angry_wolf_sas, Search, Staggered, 0, 0.0000000000, -0.0000000000, 110.0000000000, 0.0000000000, 0.0000000000, 0.0000000000, 0.0000000000, 0.0000000000, UNMODULATED, 0, 0, 0 
0.8415000000, 0.8418669205, 0.0000670000, 0.0000582896, 8260000000.0000000000, -2.3183061370, 26.3015216609, 0.0050000000, angry_wolf_sas, Tx-angry_wolf_sas, Search, Staggered, 0, 0.0000000000, -0.0000000000, 110.0000000000, 0.0000000000, 0.0000000000, 0.0000000000, 0.0000000000, 0.0000000000, UNMODULATED, 0, 0, 0 
0.8465000000, 0.8468669205, 0.0000800000, 0.0000582896, 8260000000.0000000000, -2.3183063461, 26.3015216609, 0.0017500000, angry_wolf_sas, Tx-angry_wolf_sas, Search, Staggered, 0, 0.0000000000, -0.0000000000, 110.0000000000, 0.0000000000, 0.0000000000, 0.0000000000, 0.0000000000, 0.0000000000, UNMODULATED, 0, 0, 0 
0.8482500000, 0.8486169205, 0.0000900000, 0.0000582896, 8260000000.0000000000, -2.3183078597, 26.3015216609, 0.0030000000, angry_wolf_sas, Tx-angry_wolf_sas, Search, Staggered, 0, 0.0000000000, -0.0000000000, 110.0000000000, 0.0000000000, 0.0000000000, 0.0000000000, 0.0000000000, 0.0000000000, UNMODULATED, 0, 0, 0 
0.8512500000, 0.8516169205, 0.0000670000, 0.0000582896, 8260000000.0000000000, -2.3183079852, 26.3015216609, 0.0050000000, angry_wolf_sas, Tx-angry_wolf_sas, Search, Staggered, 0, 0.0000000000, -0.0000000000, 110.0000000000, 0.0000000000, 0.0000000000, 0.0000000000, 0.0000000000, 0.0000000000, UNMODULATED, 0, 0, 0 
0.8562500000, 0.8566169205, 0.0000800000, 0.0000582896, 8260000000.0000000000, -2.3183081943, 26.3015216609, 0.0017500000, angry_wolf_sas, Tx-angry_wolf_sas, Search, Staggered, 0, 0.0000000000, -0.0000000000, 110.0000000000, 0.0000000000, 0.0000000000, 0.0000000000, 0.0000000000, 0.0000000000, UNMODULATED, 0, 0, 0 
0.8580000000, 0.8583669205, 0.0000900000, 0.0000582896, 8260000000.0000000000, -2.3183057872, 26.3015216609, 0.0030000000, angry_wolf_sas, Tx-angry_wolf_sas, Search, Staggered, 0, 0.0000000000, -0.0000000000, 110.0000000000, 0.0000000000, 0.0000000000, 0.0000000000, 0.0000000000, 0.0000000000, UNMODULATED, 0, 0, 0 
0.8610000000, 0.8613669205, 0.0000670000, 0.0000582896, 8260000000.0000000000, -2.3183059127, 26.3015216609, 0.0050000000, angry_wolf_sas, Tx-angry_wolf_sas, Search, Staggered, 0, 0.0000000000, -0.0000000000, 110.0000000000, 0.0000000000, 0.0000000000, 0.0000000000, 0.0000000000, 0.0000000000, UNMODULATED, 0, 0, 0 
0.8660000000, 0.8663669205, 0.0000800000, 0.0000582896, 8260000000.0000000000, -2.3183061217, 26.3015216609, 0.0017500000, angry_wolf_sas, Tx-angry_wolf_sas, Search, Staggered, 0, 0.0000000000, -0.0000000000, 110.0000000000, 0.0000000000, 0.0000000000, 0.0000000000, 0.0000000000, 0.0000000000, UNMODULATED, 0, 0, 0 
0.8677500000, 0.8681169205, 0.0000900000, 0.0000582896, 8260000000.0000000000, -2.3183055640, 26.3015216609, 0.0030000000, angry_wolf_sas, Tx-angry_wolf_sas, Search, Staggered, 0, 0.0000000000, -0.0000000000, 110.0000000000, 0.0000000000, 0.0000000000, 0.0000000000, 0.0000000000, 0.0000000000, UNMODULATED, 0, 0, 0 
0.8707500000, 0.8711169205, 0.0000670000, 0.0000582896, 8260000000.0000000000, -2.3183056895, 26.3015216609, 0.0050000000, angry_wolf_sas, Tx-angry_wolf_sas, Search, Staggered, 0, 0.0000000000, -0.0000000000, 110.0000000000, 0.0000000000, 0.0000000000, 0.0000000000, 0.0000000000, 0.0000000000, UNMODULATED, 0, 0, 0 
0.8757500000, 0.8761169205, 0.0000800000, 0.0000582896, 8260000000.0000000000, -2.3183058986, 26.3015216609, 0.0017500000, angry_wolf_sas, Tx-angry_wolf_sas, Search, Staggered, 0, 0.0000000000, -0.0000000000, 110.0000000000, 0.0000000000, 0.0000000000, 0.0000000000, 0.0000000000, 0.0000000000, UNMODULATED, 0, 0, 0 
0.8775000000, 0.8778669205, 0.0000900000, 0.0000582896, 8260000000.0000000000, -2.3183074122, 26.3015216609, 0.0030000000, angry_wolf_sas, Tx-angry_wolf_sas, Search, Staggered, 0, 0.0000000000, -0.0000000000, 110.0000000000, 0.0000000000, 0.0000000000, 0.0000000000, 0.0000000000, 0.0000000000, UNMODULATED, 0, 0, 0 
0.8805000000, 0.8808669205, 0.0000670000, 0.0000582896, 8260000000.0000000000, -2.3183075377, 26.3015216609, 0.0050000000, angry_wolf_sas, Tx-angry_wolf_sas, Search, Staggered, 0, 0.0000000000, -0.0000000000, 110.0000000000, 0.0000000000, 0.0000000000, 0.0000000000, 0.0000000000, 0.0000000000, UNMODULATED, 0, 0, 0 
0.8855000000, 0.8858669205, 0.0000800000, 0.0000582896, 8260000000.0000000000, -2.3183077468, 26.3015216609, 0.0017500000, angry_wolf_sas, Tx-angry_wolf_sas, Search, Staggered, 0, 0.0000000000, -0.0000000000, 110.0000000000, 0.0000000000, 0.0000000000, 0.0000000000, 0.0000000000, 0.0000000000, UNMODULATED, 0, 0, 0 
0.8872500000, 0.8876169205, 0.0000900000, 0.0000582896, 8260000000.0000000000, -2.3183092604, 26.3015216609, 0.0030000000, angry_wolf_sas, Tx-angry_wolf_sas, Search, Staggered, 0, 0.0000000000, -0.0000000000, 110.0000000000, 0.0000000000, 0.0000000000, 0.0000000000, 0.0000000000, 0.0000000000, UNMODULATED, 0, 0, 0 
0.8902500000, 0.8906169205, 0.0000670000, 0.0000582896, 8260000000.0000000000, -2.3183093859, 26.3015216609, 0.0050000000, angry_wolf_sas, Tx-angry_wolf_sas, Search, Staggered, 0, 0.0000000000, -0.0000000000, 110.0000000000, 0.0000000000, 0.0000000000, 0.0000000000, 0.0000000000, 0.0000000000, UNMODULATED, 0, 0, 0 
0.8952500000, 0.8956169205, 0.0000800000, 0.0000582896, 8260000000.0000000000, -2.3183036029, 26.3015216609, 0.0017500000, angry_wolf_sas, Tx-angry_wolf_sas, Search, Staggered, 0, 0.0000000000, -0.0000000000, 110.0000000000, 0.0000000000, 0.0000000000, 0.0000000000, 0.0000000000, 0.0000000000, UNMODULATED, 0, 0, 0 
0.8970000000, 0.8973669205, 0.0000900000, 0.0000582896, 8260000000.0000000000, -2.3183074181, 26.3015216609, 0.0030000000, angry_wolf_sas, Tx-angry_wolf_sas, Search, Staggered, 0, 0.0000000000, -0.0000000000, 110.0000000000, 0.0000000000, 0.0000000000, 0.0000000000, 0.0000000000, 0.0000000000, UNMODULATED, 0, 0, 0 
0.9000000000, 0.9003669205, 0.0000670000, 0.0000582896, 8260000000.0000000000, -2.3183075435, 26.3015216609, 0.0050000000, angry_wolf_sas, Tx-angry_wolf_sas, Search, Staggered, 0, 0.0000000000, -0.0000000000, 110.0000000000, 0.0000000000, 0.0000000000, 0.0000000000, 0.0000000000, 0.0000000000, UNMODULATED, 0, 0, 0 
0.9050000000, 0.9053669205, 0.0000800000, 0.0000582896, 8260000000.0000000000, -2.3183077526, 26.3015216609, 0.0017500000, angry_wolf_sas, Tx-angry_wolf_sas, Search, Staggered, 0, 0.0000000000, -0.0000000000, 110.0000000000, 0.0000000000, 0.0000000000, 0.0000000000, 0.0000000000, 0.0000000000, UNMODULATED, 0, 0, 0 
0.9067500000, 0.9071169205, 0.0000900000, 0.0000582896, 8260000000.0000000000, -2.3183069647, 26.3015216609, 0.0030000000, angry_wolf_sas, Tx-angry_wolf_sas, Search, Staggered, 0, 0.0000000000, -0.0000000000, 110.0000000000, 0.0000000000, 0.0000000000, 0.0000000000, 0.0000000000, 0.0000000000, UNMODULATED, 0, 0, 0 
0.9097500000, 0.9101169205, 0.0000670000, 0.0000582896, 8260000000.0000000000, -2.3183070902, 26.3015216609, 0.0050000000, angry_wolf_sas, Tx-angry_wolf_sas, Search, Staggered, 0, 0.0000000000, -0.0000000000, 110.0000000000, 0.0000000000, 0.0000000000, 0.0000000000, 0.0000000000, 0.0000000000, UNMODULATED, 0, 0, 0 
0.9147500000, 0.9151169205, 0.0000800000, 0.0000582896, 8260000000.0000000000, -2.3183072993, 26.3015216609, 0.0017500000, angry_wolf_sas, Tx-angry_wolf_sas, Search, Staggered, 0, 0.0000000000, -0.0000000000, 110.0000000000, 0.0000000000, 0.0000000000, 0.0000000000, 0.0000000000, 0.0000000000, UNMODULATED, 0, 0, 0 
0.9165000000, 0.9168669205, 0.0000900000, 0.0000582896, 8260000000.0000000000, -2.3183088129, 26.3015216609, 0.0030000000, angry_wolf_sas, Tx-angry_wolf_sas, Search, Staggered, 0, 0.0000000000, -0.0000000000, 110.0000000000, 0.0000000000, 0.0000000000, 0.0000000000, 0.0000000000, 0.0000000000, UNMODULATED, 0, 0, 0 
0.9195000000, 0.9198669205, 0.0000670000, 0.0000582896, 8260000000.0000000000, -2.3183089384, 26.3015216609, 0.0050000000, angry_wolf_sas, Tx-angry_wolf_sas, Search, Staggered, 0, 0.0000000000, -0.0000000000, 110.0000000000, 0.0000000000, 0.0000000000, 0.0000000000, 0.0000000000, 0.0000000000, UNMODULATED, 0, 0, 0 
0.9245000000, 0.9248669205, 0.0000800000, 0.0000582896, 8260000000.0000000000, -2.3183091475, 26.3015216609, 0.0017500000, angry_wolf_sas, Tx-angry_wolf_sas, Search, Staggered, 0, 0.0000000000, -0.0000000000, 110.0000000000, 0.0000000000, 0.0000000000, 0.0000000000, 0.0000000000, 0.0000000000, UNMODULATED, 0, 0, 0 
0.9262500000, 0.9266169205, 0.0000900000, 0.0000582896, 8260000000.0000000000, -2.3183046690, 26.3015216609, 0.0030000000, angry_wolf_sas, Tx-angry_wolf_sas, Search, Staggered, 0, 0.0000000000, -0.0000000000, 110.0000000000, 0.0000000000, 0.0000000000, 0.0000000000, 0.0000000000, 0.0000000000, UNMODULATED, 0, 0, 0 
0.9292500000, 0.9296169205, 0.0000670000, 0.0000582896, 8260000000.0000000000, -2.3183047945, 26.3015216609, 0.0050000000, angry_wolf_sas, Tx-angry_wolf_sas, Search, Staggered, 0, 0.0000000000, -0.0000000000, 110.0000000000, 0.0000000000, 0.0000000000, 0.0000000000, 0.0000000000, 0.0000000000, UNMODULATED, 0, 0, 0 
0.9342500000, 0.9346169205, 0.0000800000, 0.0000582896, 8260000000.0000000000, -2.3183050036, 26.3015216609, 0.0017500000, angry_wolf_sas, Tx-angry_wolf_sas, Search, Staggered, 0, 0.0000000000, -0.0000000000, 110.0000000000, 0.0000000000, 0.0000000000, 0.0000000000, 0.0000000000, 0.0000000000, UNMODULATED, 0, 0, 0 
0.9360000000, 0.9363669205, 0.0000900000, 0.0000582896, 8260000000.0000000000, -2.3183090489, 26.3015216609, 0.0030000000, angry_wolf_sas, Tx-angry_wolf_sas, Search, Staggered, 0, 0.0000000000, -0.0000000000, 110.0000000000, 0.0000000000, 0.0000000000, 0.0000000000, 0.0000000000, 0.0000000000, UNMODULATED, 0, 0, 0 
0.9390000000, 0.9393669205, 0.0000670000, 0.0000582896, 8260000000.0000000000, -2.3183091744, 26.3015216609, 0.0050000000, angry_wolf_sas, Tx-angry_wolf_sas, Search, Staggered, 0, 0.0000000000, -0.0000000000, 110.0000000000, 0.0000000000, 0.0000000000, 0.0000000000, 0.0000000000, 0.0000000000, UNMODULATED, 0, 0, 0 
0.9440000000, 0.9443669205, 0.0000800000, 0.0000582896, 8260000000.0000000000, -2.3183093835, 26.3015216609, 0.0017500000, angry_wolf_sas, Tx-angry_wolf_sas, Search, Staggered, 0, 0.0000000000, -0.0000000000, 110.0000000000, 0.0000000000, 0.0000000000, 0.0000000000, 0.0000000000, 0.0000000000, UNMODULATED, 0, 0, 0 
0.9457500000, 0.9461169205, 0.0000900000, 0.0000582896, 8260000000.0000000000, -2.3183083654, 26.3015216609, 0.0030000000, angry_wolf_sas, Tx-angry_wolf_sas, Search, Staggered, 0, 0.0000000000, -0.0000000000, 110.0000000000, 0.0000000000, 0.0000000000, 0.0000000000, 0.0000000000, 0.0000000000, UNMODULATED, 0, 0, 0 
0.9487500000, 0.9491169205, 0.0000670000, 0.0000582896, 8260000000.0000000000, -2.3183084909, 26.3015216609, 0.0050000000, angry_wolf_sas, Tx-angry_wolf_sas, Search, Staggered, 0, 0.0000000000, -0.0000000000, 110.0000000000, 0.0000000000, 0.0000000000, 0.0000000000, 0.0000000000, 0.0000000000, UNMODULATED, 0, 0, 0 
0.9537500000, 0.9541169205, 0.0000800000, 0.0000582896, 8260000000.0000000000, -2.3183087000, 26.3015216609, 0.0017500000, angry_wolf_sas, Tx-angry_wolf_sas, Search, Staggered, 0, 0.0000000000, -0.0000000000, 110.0000000000, 0.0000000000, 0.0000000000, 0.0000000000, 0.0000000000, 0.0000000000, UNMODULATED, 0, 0, 0 
0.9555000000, 0.9558669205, 0.0000900000, 0.0000582896, 8260000000.0000000000, -2.3183042215, 26.3015216609, 0.0030000000, angry_wolf_sas, Tx-angry_wolf_sas, Search, Staggered, 0, 0.0000000000, -0.0000000000, 110.0000000000, 0.0000000000, 0.0000000000, 0.0000000000, 0.0000000000, 0.0000000000, UNMODULATED, 0, 0, 0 
0.9585000000, 0.9588669205, 0.0000670000, 0.0000582896, 8260000000.0000000000, -2.3183043470, 26.3015216609, 0.0050000000, angry_wolf_sas, Tx-angry_wolf_sas, Search, Staggered, 0, 0.0000000000, -0.0000000000, 110.0000000000, 0.0000000000, 0.0000000000, 0.0000000000, 0.0000000000, 0.0000000000, UNMODULATED, 0, 0, 0 
0.9635000000, 0.9638669205, 0.0000800000, 0.0000582896, 8260000000.0000000000, -2.3183045561, 26.3015216609, 0.0017500000, angry_wolf_sas, Tx-angry_wolf_sas, Search, Staggered, 0, 0.0000000000, -0.0000000000, 110.0000000000, 0.0000000000, 0.0000000000, 0.0000000000, 0.0000000000, 0.0000000000, UNMODULATED, 0, 0, 0 
0.9652500000, 0.9656169205, 0.0000900000, 0.0000582896, 8260000000.0000000000, -2.3183060697, 26.3015216609, 0.0030000000, angry_wolf_sas, Tx-angry_wolf_sas, Search, Staggered, 0, 0.0000000000, -0.0000000000, 110.0000000000, 0.0000000000, 0.0000000000, 0.0000000000, 0.0000000000, 0.0000000000, UNMODULATED, 0, 0, 0 
0.9682500000, 0.9686169205, 0.0000670000, 0.0000582896, 8260000000.0000000000, -2.3183061952, 26.3015216609, 0.0050000000, angry_wolf_sas, Tx-angry_wolf_sas, Search, Staggered, 0, 0.0000000000, -0.0000000000, 110.0000000000, 0.0000000000, 0.0000000000, 0.0000000000, 0.0000000000, 0.0000000000, UNMODULATED, 0, 0, 0 
0.9732500000, 0.9736169205, 0.0000800000, 0.0000582896, 8260000000.0000000000, -2.3183064043, 26.3015216609, 0.0017500000, angry_wolf_sas, Tx-angry_wolf_sas, Search, Staggered, 0, 0.0000000000, -0.0000000000, 110.0000000000, 0.0000000000, 0.0000000000, 0.0000000000, 0.0000000000, 0.0000000000, UNMODULATED, 0, 0, 0 
0.9750000000, 0.9753669205, 0.0000900000, 0.0000582896, 8260000000.0000000000, -2.3183049178, 26.3015216609, 0.0030000000, angry_wolf_sas, Tx-angry_wolf_sas, Search, Staggered, 0, 0.0000000000, -0.0000000000, 110.0000000000, 0.0000000000, 0.0000000000, 0.0000000000, 0.0000000000, 0.0000000000, UNMODULATED, 0, 0, 0 
0.9780000000, 0.9783669205, 0.0000670000, 0.0000582896, 8260000000.0000000000, -2.3183050433, 26.3015216609, 0.0050000000, angry_wolf_sas, Tx-angry_wolf_sas, Search, Staggered, 0, 0.0000000000, -0.0000000000, 110.0000000000, 0.0000000000, 0.0000000000, 0.0000000000, 0.0000000000, 0.0000000000, UNMODULATED, 0, 0, 0 
0.9830000000, 0.9833669205, 0.0000800000, 0.0000582896, 8260000000.0000000000, -2.3183052524, 26.3015216609, 0.0017500000, angry_wolf_sas, Tx-angry_wolf_sas, Search, Staggered, 0, 0.0000000000, -0.0000000000, 110.0000000000, 0.0000000000, 0.0000000000, 0.0000000000, 0.0000000000, 0.0000000000, UNMODULATED, 0, 0, 0 
0.9847500000, 0.9851169205, 0.0000900000, 0.0000582896, 8260000000.0000000000, -2.3183037740, 26.3015216609, 0.0030000000, angry_wolf_sas, Tx-angry_wolf_sas, Search, Staggered, 0, 0.0000000000, -0.0000000000, 110.0000000000, 0.0000000000, 0.0000000000, 0.0000000000, 0.0000000000, 0.0000000000, UNMODULATED, 0, 0, 0 
0.9877500000, 0.9881169205, 0.0000670000, 0.0000582896, 8260000000.0000000000, -2.3183038995, 26.3015216609, 0.0050000000, angry_wolf_sas, Tx-angry_wolf_sas, Search, Staggered, 0, 0.0000000000, -0.0000000000, 110.0000000000, 0.0000000000, 0.0000000000, 0.0000000000, 0.0000000000, 0.0000000000, UNMODULATED, 0, 0, 0 
0.9927500000, 0.9931169205, 0.0000800000, 0.0000582896, 8260000000.0000000000, -2.3183041086, 26.3015216609, 0.0017500000, angry_wolf_sas, Tx-angry_wolf_sas, Search, Staggered, 0, 0.0000000000, -0.0000000000, 110.0000000000, 0.0000000000, 0.0000000000, 0.0000000000, 0.0000000000, 0.0000000000, UNMODULATED, 0, 0, 0 
0.9945000000, 0.9948669205, 0.0000900000, 0.0000582896, 8260000000.0000000000, -2.3183056222, 26.3015216609, 0.0030000000, angry_wolf_sas, Tx-angry_wolf_sas, Search, Staggered, 0, 0.0000000000, -0.0000000000, 110.0000000000, 0.0000000000, 0.0000000000, 0.0000000000, 0.0000000000, 0.0000000000, UNMODULATED, 0, 0, 0 
0.9975000000, 0.9978669205, 0.0000670000, 0.0000582896, 8260000000.0000000000, -2.3183057477, 26.3015216609, 0.0050000000, angry_wolf_sas, Tx-angry_wolf_sas, Search, Staggered, 0, 0.0000000000, -0.0000000000, 110.0000000000, 0.0000000000, 0.0000000000, 0.0000000000, 0.0000000000, 0.0000000000, UNMODULATED, 0, 0, 0 
